BusinessEntityID,NationalIDNumber,LoginID,OrganizationNode,OrganizationLevel,JobTitle,BirthDate,MaritalStatus,Gender,HireDate,SalariedFlag,VacationHours,SickLeaveHours,CurrentFlag,ModifiedDate
1,295847284,adventure-works\ken0,,,Chief Executive Officer,1969-01-29,S,M,2009-01-14,True,99,69,True,2014-06-30 00:00:00.000
2,245797967,adventure-works\terri0,b'X',1.0,Vice President of Engineering,1971-08-01,S,F,2008-01-31,True,1,20,True,2014-06-30 00:00:00.000
3,509647174,adventure-works\roberto0,b'Z\xc0',2.0,Engineering Manager,1974-11-12,M,M,2007-11-11,True,2,21,True,2014-06-30 00:00:00.000
4,112457891,adventure-works\rob0,b'Z\xd6',3.0,Senior Tool Designer,1974-12-23,S,M,2007-12-05,False,48,80,True,2014-06-30 00:00:00.000
5,695256908,adventure-works\gail0,b'Z\xda',3.0,Design Engineer,1952-09-27,M,F,2008-01-06,True,5,22,True,2014-06-30 00:00:00.000
6,998320692,adventure-works\jossef0,b'Z\xde',3.0,Design Engineer,1959-03-11,M,M,2008-01-24,True,6,23,True,2014-06-30 00:00:00.000
7,134969118,adventure-works\dylan0,b'Z\xe1',3.0,Research and Development Manager,1987-02-24,M,M,2009-02-08,True,61,50,True,2014-06-30 00:00:00.000
8,811994146,adventure-works\diane1,b'Z\xe1X',4.0,Research and Development Engineer,1986-06-05,S,F,2008-12-29,True,62,51,True,2014-06-30 00:00:00.000
9,658797903,adventure-works\gigi0,b'Z\xe1h',4.0,Research and Development Engineer,1979-01-21,M,F,2009-01-16,True,63,51,True,2014-06-30 00:00:00.000
10,879342154,adventure-works\michael6,b'Z\xe1x',4.0,Research and Development Manager,1984-11-30,M,M,2009-05-03,True,16,64,True,2014-06-30 00:00:00.000
11,974026903,adventure-works\ovidiu0,b'Z\xe3',3.0,Senior Tool Designer,1978-01-17,S,M,2010-12-05,False,7,23,True,2014-06-30 00:00:00.000
12,480168528,adventure-works\thierry0,b'Z\xe3X',4.0,Tool Designer,1959-07-29,M,M,2007-12-11,False,9,24,True,2014-06-30 00:00:00.000
13,486228782,adventure-works\janice0,b'Z\xe3h',4.0,Tool Designer,1989-05-28,M,F,2010-12-23,False,8,24,True,2014-06-30 00:00:00.000
14,42487730,adventure-works\michael8,b'Z\xe5',3.0,Senior Design Engineer,1979-06-16,S,M,2010-12-30,True,3,21,True,2014-06-30 00:00:00.000
15,56920285,adventure-works\sharon0,b'Z\xe7',3.0,Design Engineer,1961-05-02,M,F,2011-01-18,True,4,22,True,2014-06-30 00:00:00.000
16,24756624,adventure-works\david0,b'h',1.0,Marketing Manager,1975-03-19,S,M,2007-12-20,True,40,40,True,2014-06-30 00:00:00.000
17,253022876,adventure-works\kevin0,b'j\xc0',2.0,Marketing Assistant,1987-05-03,S,M,2007-01-26,False,42,41,True,2014-06-30 00:00:00.000
18,222969461,adventure-works\john5,b'k@',2.0,Marketing Specialist,1978-03-06,S,M,2011-02-07,False,48,44,True,2014-06-30 00:00:00.000
19,52541318,adventure-works\mary2,b'k\xc0',2.0,Marketing Assistant,1978-01-29,S,F,2011-02-14,False,43,41,True,2014-06-30 00:00:00.000
20,323403273,adventure-works\wanida0,b'l ',2.0,Marketing Assistant,1975-03-17,M,F,2011-01-07,False,41,40,True,2014-06-30 00:00:00.000
21,243322160,adventure-works\terry0,b'l`',2.0,Marketing Specialist,1986-02-04,M,M,2009-03-02,False,44,42,True,2014-06-30 00:00:00.000
22,95958330,adventure-works\sariya0,b'l\xa0',2.0,Marketing Specialist,1987-05-21,S,M,2008-12-12,False,45,42,True,2014-06-30 00:00:00.000
23,767955365,adventure-works\mary0,b'l\xe0',2.0,Marketing Specialist,1962-09-13,M,F,2009-01-12,False,46,43,True,2014-06-30 00:00:00.000
24,72636981,adventure-works\jill0,b'm\x10',2.0,Marketing Specialist,1979-06-18,M,F,2009-01-18,False,47,43,True,2014-06-30 00:00:00.000
25,519899904,adventure-works\james1,b'x',1.0,Vice President of Production,1983-01-07,S,M,2009-02-03,True,64,52,True,2014-06-30 00:00:00.000
26,277173473,adventure-works\peter0,b'z\xc0',2.0,Production Control Manager,1982-11-03,M,M,2008-12-01,True,43,41,True,2014-12-26 09:17:08.637
27,446466105,adventure-works\jo0,b'z\xd6',3.0,Production Supervisor - WC60,1956-10-08,S,F,2008-02-27,False,80,60,True,2014-06-30 00:00:00.000
28,14417807,adventure-works\guy1,b'z\xd6\xb0',4.0,Production Technician - WC60,1988-03-13,M,M,2006-06-30,False,21,30,True,2014-06-30 00:00:00.000
29,948320468,adventure-works\mark1,b'z\xd6\xd0',4.0,Production Technician - WC60,1979-09-25,S,M,2009-01-23,False,19,29,True,2014-06-30 00:00:00.000
30,410742000,adventure-works\britta0,b'z\xd6\xf0',4.0,Production Technician - WC60,1989-09-28,M,F,2009-01-29,False,14,27,True,2014-06-30 00:00:00.000
31,750246141,adventure-works\margie0,b'z\xd7\x08',4.0,Production Technician - WC60,1986-05-20,M,F,2009-01-04,False,18,29,True,2014-06-30 00:00:00.000
32,330211482,adventure-works\rebecca0,b'z\xd7\x18',4.0,Production Technician - WC60,1977-07-10,M,F,2008-12-29,False,23,31,True,2014-06-30 00:00:00.000
33,801758002,adventure-works\annik0,b'z\xd7(',4.0,Production Technician - WC60,1976-12-26,M,M,2008-12-17,False,17,28,True,2014-06-30 00:00:00.000
34,754372876,adventure-works\suchitra0,b'z\xd78',4.0,Production Technician - WC60,1987-06-10,M,F,2009-02-16,False,15,27,True,2014-06-30 00:00:00.000
35,999440576,adventure-works\brandon0,b'z\xd7D',4.0,Production Technician - WC60,1977-01-10,M,M,2009-02-08,False,22,31,True,2014-06-30 00:00:00.000
36,788456780,adventure-works\jose0,b'z\xd7L',4.0,Production Technician - WC60,1984-07-31,M,M,2009-02-10,False,20,30,True,2014-06-30 00:00:00.000
37,442121106,adventure-works\chris2,b'z\xd7T',4.0,Production Technician - WC60,1986-08-07,S,M,2009-03-07,False,16,28,True,2014-06-30 00:00:00.000
38,6298838,adventure-works\kim1,b'z\xd7\\',4.0,Production Technician - WC60,1966-12-14,M,F,2010-01-16,False,24,32,True,2014-06-30 00:00:00.000
39,461786517,adventure-works\ed0,b'z\xd7d',4.0,Production Technician - WC60,1971-09-11,S,M,2010-02-05,False,25,32,True,2014-06-30 00:00:00.000
40,309738752,adventure-works\jolynn0,b'z\xda',3.0,Production Supervisor - WC60,1956-01-16,S,F,2007-12-26,False,82,61,True,2014-06-30 00:00:00.000
41,458159238,adventure-works\bryan0,b'z\xda\xb0',4.0,Production Technician - WC60,1973-08-27,S,M,2009-01-21,False,35,37,True,2014-06-30 00:00:00.000
42,339712426,adventure-works\james0,b'z\xda\xd0',4.0,Production Technician - WC60,1984-07-25,M,M,2008-12-27,False,39,39,True,2014-06-30 00:00:00.000
43,693325305,adventure-works\nancy0,b'z\xda\xf0',4.0,Production Technician - WC60,1988-11-19,M,F,2009-01-02,False,34,37,True,2014-06-30 00:00:00.000
44,276751903,adventure-works\simon0,b'z\xdb\x08',4.0,Production Technician - WC60,1990-05-17,S,M,2008-12-08,False,38,39,True,2014-06-30 00:00:00.000
45,500412746,adventure-works\thomas0,b'z\xdb\x18',4.0,Production Technician - WC60,1986-01-10,M,M,2009-02-26,False,37,38,True,2014-06-30 00:00:00.000
46,66073987,adventure-works\eugene1,b'z\xdb(',4.0,Production Technician - WC60,1976-02-10,S,M,2009-02-08,False,36,38,True,2014-06-30 00:00:00.000
47,33237992,adventure-works\andrew0,b'z\xde',3.0,Production Supervisor - WC10,1988-09-06,S,M,2009-02-22,False,65,52,True,2014-06-30 00:00:00.000
48,690627818,adventure-works\ruth0,b'z\xde\xb0',4.0,Production Technician - WC10,1956-06-04,M,F,2008-01-06,False,83,61,True,2014-06-30 00:00:00.000
49,912265825,adventure-works\barry0,b'z\xde\xd0',4.0,Production Technician - WC10,1956-03-26,S,M,2008-01-07,False,88,64,True,2014-06-30 00:00:00.000
50,844973625,adventure-works\sidney0,b'z\xde\xf0',4.0,Production Technician - WC10,1956-08-30,M,M,2008-02-02,False,84,62,True,2014-06-30 00:00:00.000
51,132674823,adventure-works\jeffrey0,b'z\xdf\x08',4.0,Production Technician - WC10,1956-07-11,S,M,2008-02-20,False,85,62,True,2014-06-30 00:00:00.000
52,565090917,adventure-works\doris0,b'z\xdf\x18',4.0,Production Technician - WC10,1956-04-04,M,F,2008-03-10,False,86,63,True,2014-06-30 00:00:00.000
53,9659517,adventure-works\diane0,b'z\xdf(',4.0,Production Technician - WC10,1956-03-29,M,F,2008-03-28,False,87,63,True,2014-06-30 00:00:00.000
54,109272464,adventure-works\bonnie0,b'z\xdf8',4.0,Production Technician - WC10,1986-09-10,M,F,2010-01-01,False,89,64,True,2014-06-30 00:00:00.000
55,233069302,adventure-works\taylor0,b'z\xe1',3.0,Production Supervisor - WC50,1956-04-01,M,M,2008-02-08,False,79,59,True,2014-06-30 00:00:00.000
56,652535724,adventure-works\denise0,b'z\xe1X',4.0,Production Technician - WC50,1988-07-06,M,F,2009-02-05,False,9,24,True,2014-06-30 00:00:00.000
57,10708100,adventure-works\frank1,b'z\xe1h',4.0,Production Technician - WC50,1971-07-24,S,M,2009-02-23,False,10,25,True,2014-06-30 00:00:00.000
58,571658797,adventure-works\kendall0,b'z\xe1x',4.0,Production Technician - WC50,1986-05-30,M,M,2008-12-05,False,11,25,True,2014-06-30 00:00:00.000
59,843479922,adventure-works\bob0,b'z\xe1\x84',4.0,Production Technician - WC50,1979-08-16,S,M,2008-12-24,False,12,26,True,2014-06-30 00:00:00.000
60,827686041,adventure-works\pete0,b'z\xe1\x8c',4.0,Production Technician - WC50,1977-02-03,S,M,2009-01-11,False,13,26,True,2014-06-30 00:00:00.000
61,92096924,adventure-works\diane2,b'z\xe1\x94',4.0,Production Technician - WC50,1989-08-09,S,F,2009-01-18,False,8,24,True,2014-06-30 00:00:00.000
62,494170342,adventure-works\john0,b'z\xe3',3.0,Production Supervisor - WC60,1956-08-07,M,M,2008-03-17,False,81,60,True,2014-06-30 00:00:00.000
63,414476027,adventure-works\maciej0,b'z\xe3X',4.0,Production Technician - WC60,1955-01-30,S,M,2010-01-29,False,30,35,True,2014-06-30 00:00:00.000
64,582347317,adventure-works\michael7,b'z\xe3h',4.0,Production Technician - WC60,1973-09-05,S,M,2010-02-23,False,26,33,True,2014-06-30 00:00:00.000
65,8066363,adventure-works\randy0,b'z\xe3x',4.0,Production Technician - WC60,1970-04-28,M,M,2010-02-23,False,29,34,True,2014-06-30 00:00:00.000
66,834186596,adventure-works\karan0,b'z\xe3\x84',4.0,Production Technician - WC60,1970-03-07,S,M,2009-12-22,False,28,34,True,2014-06-30 00:00:00.000
67,63179277,adventure-works\jay0,b'z\xe3\x8c',4.0,Production Technician - WC60,1976-02-11,S,M,2009-03-05,False,32,36,True,2014-06-30 00:00:00.000
68,537092325,adventure-works\charles0,b'z\xe3\x94',4.0,Production Technician - WC60,1971-09-02,S,M,2009-12-03,False,27,33,True,2014-06-30 00:00:00.000
69,752513276,adventure-works\steve0,b'z\xe3\x9c',4.0,Production Technician - WC60,1991-04-06,S,M,2009-02-15,False,31,35,True,2014-06-30 00:00:00.000
70,36151748,adventure-works\david2,b'z\xe3\xa2',4.0,Production Technician - WC60,1984-12-29,M,M,2008-12-15,False,33,36,True,2014-06-30 00:00:00.000
71,578935259,adventure-works\michael3,b'z\xe5',3.0,Production Supervisor - WC30,1989-01-29,S,M,2009-02-15,False,70,55,True,2014-06-30 00:00:00.000
72,443968955,adventure-works\steven0,b'z\xe5X',4.0,Production Technician - WC30,1977-05-14,M,M,2008-12-01,False,41,40,True,2014-06-30 00:00:00.000
73,138280935,adventure-works\carole0,b'z\xe5h',4.0,Production Technician - WC30,1983-10-19,M,F,2008-12-19,False,42,41,True,2014-06-30 00:00:00.000
74,420023788,adventure-works\bjorn0,b'z\xe5x',4.0,Production Technician - WC30,1989-11-06,S,M,2009-01-07,False,43,41,True,2014-06-30 00:00:00.000
75,363996959,adventure-works\michiko0,b'z\xe5\x84',4.0,Production Technician - WC30,1982-06-27,S,M,2009-01-26,False,44,42,True,2014-06-30 00:00:00.000
76,227319668,adventure-works\carol0,b'z\xe5\x8c',4.0,Production Technician - WC30,1988-10-17,M,F,2009-02-12,False,45,42,True,2014-06-30 00:00:00.000
77,301435199,adventure-works\merav0,b'z\xe5\x94',4.0,Production Technician - WC30,1983-05-13,M,F,2009-03-03,False,46,43,True,2014-06-30 00:00:00.000
78,370989364,adventure-works\reuben0,b'z\xe7',3.0,Production Supervisor - WC40,1987-08-27,M,M,2008-12-15,False,72,56,True,2014-06-30 00:00:00.000
79,697712387,adventure-works\eric1,b'z\xe7X',4.0,Production Technician - WC40,1966-12-08,M,M,2010-01-24,False,60,50,True,2014-06-30 00:00:00.000
80,943170460,adventure-works\sandeep0,b'z\xe7h',4.0,Production Technician - WC40,1970-12-03,S,M,2010-01-17,False,65,52,True,2014-06-30 00:00:00.000
81,413787783,adventure-works\mihail0,b'z\xe7x',4.0,Production Technician - WC40,1971-03-09,S,M,2009-12-29,False,64,52,True,2014-06-30 00:00:00.000
82,58791499,adventure-works\jack1,b'z\xe7\x84',4.0,Production Technician - WC40,1973-08-29,S,M,2010-03-03,False,62,51,True,2014-06-30 00:00:00.000
83,988315686,adventure-works\patrick1,b'z\xe7\x8c',4.0,Production Technician - WC40,1973-12-23,M,M,2010-02-12,False,61,50,True,2014-06-30 00:00:00.000
84,947029962,adventure-works\frank3,b'z\xe7\x94',4.0,Production Technician - WC40,1952-03-02,M,M,2010-02-05,False,66,53,True,2014-06-30 00:00:00.000
85,1662732,adventure-works\brian2,b'z\xe7\x9c',4.0,Production Technician - WC40,1970-12-23,S,M,2009-12-11,False,63,51,True,2014-06-30 00:00:00.000
86,769680433,adventure-works\ryan0,b'z\xe7\xa2',4.0,Production Technician - WC40,1972-06-13,M,M,2009-01-05,False,59,49,True,2014-06-30 00:00:00.000
87,7201901,adventure-works\cristian0,b'z\xe8\x80',3.0,Production Supervisor - WC10,1984-04-11,M,M,2008-12-22,False,67,53,True,2014-06-30 00:00:00.000
88,294148271,adventure-works\betsy0,b'z\xe8\xac',4.0,Production Technician - WC10,1966-12-17,S,F,2009-12-18,False,99,69,True,2014-06-30 00:00:00.000
89,90888098,adventure-works\patrick0,b'z\xe8\xb4',4.0,Production Technician - WC10,1986-09-10,S,M,2010-02-01,False,96,68,True,2014-06-30 00:00:00.000
90,82638150,adventure-works\danielle0,b'z\xe8\xbc',4.0,Production Technician - WC10,1986-09-07,S,F,2010-02-20,False,97,68,True,2014-06-30 00:00:00.000
91,390124815,adventure-works\kimberly0,b'z\xe8\xc2',4.0,Production Technician - WC10,1986-09-13,S,F,2010-01-12,False,95,67,True,2014-06-30 00:00:00.000
92,826454897,adventure-works\tom0,b'z\xe8\xc6',4.0,Production Technician - WC10,1986-10-01,M,M,2010-03-10,False,98,69,True,2014-06-30 00:00:00.000
93,778552911,adventure-works\kok-ho0,b'z\xe9\x80',3.0,Production Supervisor - WC50,1980-04-28,S,M,2008-12-27,False,78,59,True,2014-06-30 00:00:00.000
94,718299860,adventure-works\russell0,b'z\xe9\xac',4.0,Production Technician - WC50,1972-11-25,M,M,2008-12-12,False,6,23,True,2014-06-30 00:00:00.000
95,674171828,adventure-works\jim0,b'z\xe9\xb4',4.0,Production Technician - WC50,1986-09-08,M,M,2008-12-19,False,1,20,True,2014-06-30 00:00:00.000
96,912141525,adventure-works\elizabeth0,b'z\xe9\xbc',4.0,Production Technician - WC50,1990-01-25,M,F,2009-03-02,False,5,22,True,2014-06-30 00:00:00.000
97,370581729,adventure-works\mandar0,b'z\xe9\xc2',4.0,Production Technician - WC50,1986-03-21,S,M,2009-02-10,False,0,20,True,2014-06-30 00:00:00.000
98,152085091,adventure-works\sameer0,b'z\xe9\xc6',4.0,Production Technician - WC50,1978-06-26,M,M,2009-02-11,False,4,22,True,2014-06-30 00:00:00.000
99,431859843,adventure-works\nuan0,b'z\xe9\xca',4.0,Production Technician - WC50,1979-03-29,S,M,2009-01-06,False,2,21,True,2014-06-30 00:00:00.000
100,204035155,adventure-works\lolan0,b'z\xe9\xce',4.0,Production Technician - WC50,1973-01-24,M,M,2009-01-12,False,7,23,True,2014-06-30 00:00:00.000
101,153288994,adventure-works\houman0,b'z\xe9\xd1',4.0,Production Technician - WC50,1971-08-30,M,M,2009-01-25,False,3,21,True,2014-06-30 00:00:00.000
102,360868122,adventure-works\zheng0,b'z\xea\x80',3.0,Production Supervisor - WC10,1983-10-26,S,M,2008-12-03,False,66,53,True,2014-06-30 00:00:00.000
103,455563743,adventure-works\ebru0,b'z\xea\xac',4.0,Production Technician - WC10,1986-09-22,S,M,2009-12-06,False,93,66,True,2014-06-30 00:00:00.000
104,717889520,adventure-works\mary1,b'z\xea\xb4',4.0,Production Technician - WC10,1986-09-19,M,F,2009-12-25,False,94,67,True,2014-06-30 00:00:00.000
105,801365500,adventure-works\kevin2,b'z\xea\xbc',4.0,Production Technician - WC10,1986-09-19,S,M,2009-12-25,False,90,65,True,2014-06-30 00:00:00.000
106,561196580,adventure-works\john4,b'z\xea\xc2',4.0,Production Technician - WC10,1986-09-28,S,M,2010-02-27,False,92,66,True,2014-06-30 00:00:00.000
107,393421437,adventure-works\christopher0,b'z\xea\xc6',4.0,Production Technician - WC10,1986-10-01,M,M,2010-02-08,False,91,65,True,2014-06-30 00:00:00.000
108,630184120,adventure-works\jinghao0,b'z\xeb\x80',3.0,Production Supervisor - WC50,1989-02-05,S,M,2008-12-08,False,77,58,True,2014-06-30 00:00:00.000
109,113695504,adventure-works\alice0,b'z\xeb\xac',4.0,Production Technician - WC50,1978-01-26,M,F,2008-12-07,False,95,67,True,2014-06-30 00:00:00.000
110,857651804,adventure-works\jun0,b'z\xeb\xb4',4.0,Production Technician - WC50,1979-07-06,S,M,2008-12-14,False,90,65,True,2014-06-30 00:00:00.000
111,415823523,adventure-works\suroor0,b'z\xeb\xbc',4.0,Production Technician - WC50,1978-02-25,S,M,2008-12-17,False,93,66,True,2014-06-30 00:00:00.000
112,981597097,adventure-works\john1,b'z\xeb\xc2',4.0,Production Technician - WC50,1978-05-31,S,M,2009-01-01,False,91,65,True,2014-06-30 00:00:00.000
113,54759846,adventure-works\linda0,b'z\xeb\xc6',4.0,Production Technician - WC50,1987-07-17,M,F,2008-12-25,False,96,68,True,2014-06-30 00:00:00.000
114,342607223,adventure-works\mindaugas0,b'z\xeb\xca',4.0,Production Technician - WC50,1978-05-07,M,M,2009-01-13,False,97,68,True,2014-06-30 00:00:00.000
115,563680513,adventure-works\angela0,b'z\xeb\xce',4.0,Production Technician - WC50,1991-05-31,S,F,2009-01-20,False,92,66,True,2014-06-30 00:00:00.000
116,398737566,adventure-works\michael2,b'z\xeb\xd1',4.0,Production Technician - WC50,1974-05-03,S,M,2009-01-31,False,98,69,True,2014-06-30 00:00:00.000
117,599942664,adventure-works\chad0,b'z\xeb\xd3',4.0,Production Technician - WC50,1990-08-04,M,M,2009-02-18,False,99,69,True,2014-06-30 00:00:00.000
118,222400012,adventure-works\don0,b'z\xeb\xd5',4.0,Production Technician - WC50,1971-06-13,M,M,2009-02-13,False,88,64,True,2014-06-30 00:00:00.000
119,334834274,adventure-works\michael4,b'z\xeb\xd7',4.0,Production Technician - WC50,1989-06-15,S,M,2009-02-25,False,94,67,True,2014-06-30 00:00:00.000
120,211789056,adventure-works\kitti0,b'z\xeb\xd9',4.0,Production Technician - WC50,1987-06-06,S,F,2009-03-04,False,89,64,True,2014-06-30 00:00:00.000
121,521265716,adventure-works\pilar0,b'z\xec\x80',3.0,Shipping and Receiving Supervisor,1972-09-09,S,M,2009-01-02,True,93,66,True,2014-06-30 00:00:00.000
122,586486572,adventure-works\susan0,b'z\xec\xac',4.0,Stocker,1978-02-17,S,F,2008-12-07,False,97,68,True,2014-06-30 00:00:00.000
123,337752649,adventure-works\vamsi0,b'z\xec\xb4',4.0,Shipping and Receiving Clerk,1977-03-18,M,M,2008-12-07,False,95,67,True,2014-06-30 00:00:00.000
124,420776180,adventure-works\kim0,b'z\xec\xbc',4.0,Stocker,1984-04-30,S,F,2008-12-26,False,98,69,True,2014-06-30 00:00:00.000
125,584205124,adventure-works\matthias0,b'z\xec\xc2',4.0,Shipping and Receiving Clerk,1973-11-11,M,M,2009-01-20,False,94,67,True,2014-06-30 00:00:00.000
126,652779496,adventure-works\jimmy0,b'z\xec\xc6',4.0,Stocker,1985-05-04,M,M,2009-02-26,False,96,68,True,2014-06-30 00:00:00.000
127,750905084,adventure-works\david4,b'z\xed\x80',3.0,Production Supervisor - WC40,1983-07-02,S,M,2009-01-03,False,73,56,True,2014-06-30 00:00:00.000
128,384162788,adventure-works\paul0,b'z\xed\xac',4.0,Production Technician - WC40,1980-11-13,S,M,2008-12-04,False,68,54,True,2014-06-30 00:00:00.000
129,502058701,adventure-works\gary0,b'z\xed\xb4',4.0,Production Technician - WC40,1988-05-16,S,M,2008-12-22,False,69,54,True,2014-06-30 00:00:00.000
130,578953538,adventure-works\rob1,b'z\xed\xbc',4.0,Production Technician - WC40,1973-08-04,S,M,2009-02-13,False,71,55,True,2014-06-30 00:00:00.000
131,273260055,adventure-works\baris0,b'z\xed\xc2',4.0,Production Technician - WC40,1990-10-07,S,M,2009-02-15,False,72,56,True,2014-06-30 00:00:00.000
132,1300049,adventure-works\nicole0,b'z\xed\xc6',4.0,Production Technician - WC40,1986-04-09,M,F,2009-02-22,False,67,53,True,2014-06-30 00:00:00.000
133,830150469,adventure-works\michael1,b'z\xed\xca',4.0,Production Technician - WC40,1991-01-04,S,M,2009-01-10,False,70,55,True,2014-06-30 00:00:00.000
134,45615666,adventure-works\eric0,b'z\xee\x80',3.0,Production Supervisor - WC20,1985-01-19,M,M,2009-01-14,False,40,40,True,2014-06-30 00:00:00.000
135,964089218,adventure-works\ivo0,b'z\xee\xac',4.0,Production Technician - WC20,1982-01-03,M,M,2008-12-04,False,9,24,True,2014-06-30 00:00:00.000
136,701156975,adventure-works\sylvester0,b'z\xee\xb4',4.0,Production Technician - WC20,1970-11-12,M,M,2009-12-11,False,4,22,True,2014-06-30 00:00:00.000
137,63761469,adventure-works\anibal0,b'z\xee\xbc',4.0,Production Technician - WC20,1974-09-05,S,F,2009-02-23,False,8,24,True,2014-06-30 00:00:00.000
138,25011600,adventure-works\samantha0,b'z\xee\xc2',4.0,Production Technician - WC20,1987-11-22,M,F,2009-02-04,False,7,23,True,2014-06-30 00:00:00.000
139,113393530,adventure-works\hung-fu0,b'z\xee\xc6',4.0,Production Technician - WC20,1971-10-23,S,M,2010-01-06,False,0,20,True,2014-06-30 00:00:00.000
140,339233463,adventure-works\prasanna0,b'z\xee\xca',4.0,Production Technician - WC20,1953-04-30,M,M,2010-01-22,False,5,22,True,2014-06-30 00:00:00.000
141,872923042,adventure-works\min0,b'z\xee\xce',4.0,Production Technician - WC20,1974-09-10,M,M,2010-01-24,False,1,20,True,2014-06-30 00:00:00.000
142,163347032,adventure-works\olinda0,b'z\xee\xd1',4.0,Production Technician - WC20,1970-04-04,S,F,2010-03-04,False,3,21,True,2014-06-30 00:00:00.000
143,56772045,adventure-works\krishna0,b'z\xee\xd3',4.0,Production Technician - WC20,1971-09-05,S,M,2010-02-13,False,2,21,True,2014-06-30 00:00:00.000
144,886023130,adventure-works\paul1,b'z\xee\xd5',4.0,Production Technician - WC20,1990-11-04,M,M,2009-01-17,False,6,23,True,2014-06-30 00:00:00.000
145,386315192,adventure-works\cynthia0,b'z\xef\x80',3.0,Production Supervisor - WC30,1981-08-18,S,F,2009-01-27,False,69,54,True,2014-06-30 00:00:00.000
146,160739235,adventure-works\jianshuo0,b'z\xef\xac',4.0,Production Technician - WC30,1989-06-25,S,M,2008-12-07,False,36,38,True,2014-06-30 00:00:00.000
147,604664374,adventure-works\sandra0,b'z\xef\xb4',4.0,Production Technician - WC30,1975-11-05,M,F,2008-12-26,False,37,38,True,2014-06-30 00:00:00.000
148,733022683,adventure-works\jason0,b'z\xef\xbc',4.0,Production Technician - WC30,1988-12-07,S,M,2009-01-14,False,38,39,True,2014-06-30 00:00:00.000
149,764853868,adventure-works\andy0,b'z\xef\xc2',4.0,Production Technician - WC30,1983-10-20,M,M,2009-01-31,False,39,39,True,2014-06-30 00:00:00.000
150,878395493,adventure-works\michael5,b'z\xef\xc6',4.0,Production Technician - WC30,1982-09-18,M,M,2009-02-26,False,35,37,True,2014-06-30 00:00:00.000
151,993310268,adventure-works\rostislav0,b'z\xef\xca',4.0,Production Technician - WC30,1977-09-13,M,M,2009-02-19,False,40,40,True,2014-06-30 00:00:00.000
152,319472946,adventure-works\yuhong0,b'z\xf0D',3.0,Production Supervisor - WC20,1977-04-06,M,M,2009-02-01,False,41,40,True,2014-06-30 00:00:00.000
153,568596888,adventure-works\hanying0,b'z\xf0E`',4.0,Production Technician - WC20,1974-10-16,S,M,2008-12-16,False,15,27,True,2014-06-30 00:00:00.000
154,97728960,adventure-works\raymond0,b'z\xf0E\xa0',4.0,Production Technician - WC20,1967-03-02,M,M,2008-12-23,False,10,25,True,2014-06-30 00:00:00.000
155,212801092,adventure-works\fadi0,b'z\xf0E\xe0',4.0,Production Technician - WC20,1989-02-15,S,M,2009-01-04,False,16,28,True,2014-06-30 00:00:00.000
156,322160340,adventure-works\lane0,b'z\xf0F\x10',4.0,Production Technician - WC20,1974-09-23,M,M,2009-01-11,False,11,25,True,2014-06-30 00:00:00.000
157,812797414,adventure-works\linda1,b'z\xf0F0',4.0,Production Technician - WC20,1977-10-05,S,F,2009-02-03,False,12,26,True,2014-06-30 00:00:00.000
158,300946911,adventure-works\shelley0,b'z\xf0FP',4.0,Production Technician - WC20,1986-12-08,S,F,2009-03-07,False,14,27,True,2014-06-30 00:00:00.000
159,404159499,adventure-works\terrence0,b'z\xf0Fp',4.0,Production Technician - WC20,1984-12-08,S,M,2009-02-16,False,13,26,True,2014-06-30 00:00:00.000
160,712885347,adventure-works\jeff0,b'z\xf0L',3.0,Production Supervisor - WC45,1977-01-15,M,M,2009-01-21,False,74,57,True,2014-06-30 00:00:00.000
161,275962311,adventure-works\kirk0,b'z\xf0M`',4.0,Production Technician - WC45,1985-02-06,S,M,2008-12-15,False,74,57,True,2014-06-30 00:00:00.000
162,514829225,adventure-works\laura0,b'z\xf0M\xa0',4.0,Production Technician - WC45,1980-12-25,S,F,2009-01-03,False,75,57,True,2014-06-30 00:00:00.000
163,377784364,adventure-works\alex0,b'z\xf0M\xe0',4.0,Production Technician - WC45,1990-04-13,M,M,2009-02-08,False,77,58,True,2014-06-30 00:00:00.000
164,65848458,adventure-works\andrew1,b'z\xf0N\x10',4.0,Production Technician - WC45,1988-09-24,S,M,2009-03-06,False,73,56,True,2014-06-30 00:00:00.000
165,539490372,adventure-works\chris0,b'z\xf0N0',4.0,Production Technician - WC45,1988-12-16,M,M,2009-01-22,False,76,58,True,2014-06-30 00:00:00.000
166,60114406,adventure-works\jack0,b'z\xf0T',3.0,Production Supervisor - WC30,1983-06-22,S,M,2009-02-21,False,68,54,True,2014-06-30 00:00:00.000
167,498138869,adventure-works\david1,b'z\xf0U`',4.0,Production Technician - WC30,1979-11-02,S,M,2008-12-02,False,25,32,True,2014-06-30 00:00:00.000
168,271438431,adventure-works\garrett0,b'z\xf0U\xa0',4.0,Production Technician - WC30,1984-08-25,S,M,2008-12-07,False,34,37,True,2014-06-30 00:00:00.000
169,351069889,adventure-works\susan1,b'z\xf0U\xe0',4.0,Production Technician - WC30,1983-04-02,S,F,2008-12-14,False,31,35,True,2014-06-30 00:00:00.000
170,476115505,adventure-works\george0,b'z\xf0V\x10',4.0,Production Technician - WC30,1977-04-16,M,M,2008-12-21,False,26,33,True,2014-06-30 00:00:00.000
171,746373306,adventure-works\david3,b'z\xf0V0',4.0,Production Technician - WC30,1981-08-03,S,M,2009-01-02,False,32,36,True,2014-06-30 00:00:00.000
172,364818297,adventure-works\marc0,b'z\xf0VP',4.0,Production Technician - WC30,1986-10-24,M,M,2009-01-16,False,22,31,True,2014-06-30 00:00:00.000
173,87268837,adventure-works\eugene0,b'z\xf0Vp',4.0,Production Technician - WC30,1987-07-15,S,M,2009-01-21,False,33,36,True,2014-06-30 00:00:00.000
174,585408256,adventure-works\benjamin0,b'z\xf0V\x88',4.0,Production Technician - WC30,1986-01-05,S,M,2009-01-27,False,28,34,True,2014-06-30 00:00:00.000
175,259388196,adventure-works\reed0,b'z\xf0V\x98',4.0,Production Technician - WC30,1989-01-08,M,M,2009-02-02,False,23,31,True,2014-06-30 00:00:00.000
176,860123571,adventure-works\david7,b'z\xf0V\xa8',4.0,Production Technician - WC30,1985-09-23,M,M,2009-02-14,False,29,34,True,2014-06-30 00:00:00.000
177,551346974,adventure-works\russell1,b'z\xf0V\xb8',4.0,Production Technician - WC30,1982-02-11,M,M,2009-02-21,False,24,32,True,2014-06-30 00:00:00.000
178,568626529,adventure-works\john3,b'z\xf0V\xc8',4.0,Production Technician - WC30,1982-03-24,S,M,2009-03-03,False,27,33,True,2014-06-30 00:00:00.000
179,587567941,adventure-works\jan0,b'z\xf0V\xd8',4.0,Production Technician - WC30,1974-11-15,S,M,2009-03-05,False,30,35,True,2014-06-30 00:00:00.000
180,862951447,adventure-works\katie0,b'z\xf0\\',3.0,Production Supervisor - WC20,1984-11-18,S,F,2009-02-20,False,42,41,True,2014-06-30 00:00:00.000
181,545337468,adventure-works\michael0,b'z\xf0]`',4.0,Production Technician - WC20,1984-11-17,S,M,2008-12-09,False,20,30,True,2014-06-30 00:00:00.000
182,368920189,adventure-works\nitin0,b'z\xf0]\xa0',4.0,Production Technician - WC20,1986-12-01,S,M,2008-12-28,False,21,30,True,2014-06-30 00:00:00.000
183,969985265,adventure-works\barbara0,b'z\xf0]\xe0',4.0,Production Technician - WC20,1979-07-02,M,F,2009-01-22,False,17,28,True,2014-06-30 00:00:00.000
184,305522471,adventure-works\john2,b'z\xf0^\x10',4.0,Production Technician - WC20,1986-04-05,M,M,2009-02-09,False,18,29,True,2014-06-30 00:00:00.000
185,621932914,adventure-works\stefen0,b'z\xf0^0',4.0,Production Technician - WC20,1975-12-21,S,M,2009-02-28,False,19,29,True,2014-06-30 00:00:00.000
186,551834634,adventure-works\shane0,b'z\xf0d',3.0,Production Supervisor - WC45,1990-05-24,S,M,2009-02-08,False,75,57,True,2014-06-30 00:00:00.000
187,713403643,adventure-works\yvonne0,b'z\xf0e`',4.0,Production Technician - WC45,1989-04-15,M,F,2008-12-09,False,79,59,True,2014-06-30 00:00:00.000
188,435234965,adventure-works\douglas0,b'z\xf0e\xa0',4.0,Production Technician - WC45,1985-11-24,M,M,2008-12-27,False,80,60,True,2014-06-30 00:00:00.000
189,187369436,adventure-works\janeth0,b'z\xf0e\xe0',4.0,Production Technician - WC45,1972-07-24,S,F,2009-01-15,False,81,60,True,2014-06-30 00:00:00.000
190,456839592,adventure-works\robert0,b'z\xf0f\x10',4.0,Production Technician - WC45,1985-02-28,S,M,2009-02-02,False,82,61,True,2014-06-30 00:00:00.000
191,399658727,adventure-works\lionel0,b'z\xf0f0',4.0,Production Technician - WC45,1988-03-14,S,M,2009-02-26,False,78,59,True,2014-06-30 00:00:00.000
192,634335025,adventure-works\brenda0,b'z\xf0l',3.0,Production Supervisor - WC40,1983-02-28,M,F,2009-03-05,False,71,55,True,2014-06-30 00:00:00.000
193,761597760,adventure-works\alejandro0,b'z\xf0m`',4.0,Production Technician - WC40,1988-12-05,S,M,2008-12-06,False,52,46,True,2014-06-30 00:00:00.000
194,295971920,adventure-works\fred0,b'z\xf0m\xa0',4.0,Production Technician - WC40,1989-06-25,S,M,2008-12-12,False,47,43,True,2014-06-30 00:00:00.000
195,918737118,adventure-works\kevin1,b'z\xf0m\xe0',4.0,Production Technician - WC40,1985-12-25,S,M,2008-12-17,False,58,49,True,2014-06-30 00:00:00.000
196,370487086,adventure-works\shammi0,b'z\xf0n\x10',4.0,Production Technician - WC40,1980-10-04,M,M,2008-12-24,False,53,46,True,2014-06-30 00:00:00.000
197,632092621,adventure-works\rajesh0,b'z\xf0n0',4.0,Production Technician - WC40,1977-10-04,M,M,2008-12-31,False,48,44,True,2014-06-30 00:00:00.000
198,19312190,adventure-works\lorraine0,b'z\xf0nP',4.0,Production Technician - WC40,1988-11-26,M,F,2009-01-04,False,49,44,True,2014-06-30 00:00:00.000
199,992874797,adventure-works\paula1,b'z\xf0np',4.0,Production Technician - WC40,1987-02-10,M,F,2009-01-12,False,54,47,True,2014-06-30 00:00:00.000
200,749211824,adventure-works\frank0,b'z\xf0n\x88',4.0,Production Technician - WC40,1987-09-06,M,M,2009-01-17,False,56,48,True,2014-06-30 00:00:00.000
201,746201340,adventure-works\brian0,b'z\xf0n\x98',4.0,Production Technician - WC40,1977-02-10,S,M,2009-01-29,False,55,47,True,2014-06-30 00:00:00.000
202,436757988,adventure-works\tawana0,b'z\xf0n\xa8',4.0,Production Technician - WC40,1989-11-10,S,M,2009-02-05,False,50,45,True,2014-06-30 00:00:00.000
203,693168613,adventure-works\ken1,b'z\xf0n\xb8',4.0,Production Technician - WC40,1981-05-28,M,M,2009-02-24,False,51,45,True,2014-06-30 00:00:00.000
204,440379437,adventure-works\gabe0,b'z\xf0n\xc8',4.0,Production Technician - WC40,1988-05-10,M,M,2009-03-08,False,57,48,True,2014-06-30 00:00:00.000
205,332349500,adventure-works\lori0,b'z\xf0t',3.0,Production Supervisor - WC45,1980-07-18,S,F,2009-02-26,False,76,58,True,2014-06-30 00:00:00.000
206,835460180,adventure-works\stuart0,b'z\xf0u`',4.0,Production Technician - WC45,1962-09-13,S,M,2008-12-02,False,84,62,True,2014-06-30 00:00:00.000
207,687685941,adventure-works\greg0,b'z\xf0u\xa0',4.0,Production Technician - WC45,1970-10-18,S,M,2008-12-02,False,85,62,True,2014-06-30 00:00:00.000
208,199546871,adventure-works\scott0,b'z\xf0u\xe0',4.0,Production Technician - WC45,1987-02-10,M,M,2009-01-08,False,86,63,True,2014-06-30 00:00:00.000
209,167554340,adventure-works\kathie0,b'z\xf0v\x10',4.0,Production Technician - WC45,1990-11-01,M,F,2009-01-27,False,87,63,True,2014-06-30 00:00:00.000
210,20244403,adventure-works\belinda0,b'z\xf0v0',4.0,Production Technician - WC45,1969-09-17,S,F,2009-02-20,False,83,61,True,2014-06-30 00:00:00.000
211,398223854,adventure-works\hazem0,b'{@',2.0,Quality Assurance Manager,1977-10-26,S,M,2009-02-28,True,80,60,True,2014-12-26 09:17:08.637
212,885055826,adventure-works\peng0,b'{V',3.0,Quality Assurance Supervisor,1976-03-18,M,M,2008-12-09,True,81,60,True,2014-06-30 00:00:00.000
213,343861179,adventure-works\sootha0,b'{V\xb0',4.0,Quality Assurance Technician,1966-12-05,M,M,2010-02-23,False,85,62,True,2014-06-30 00:00:00.000
214,131471224,adventure-works\andreas0,b'{V\xd0',4.0,Quality Assurance Technician,1989-03-28,M,M,2009-02-02,False,84,62,True,2014-06-30 00:00:00.000
215,381772114,adventure-works\mark0,b'{V\xf0',4.0,Quality Assurance Technician,1986-04-30,S,M,2009-01-15,False,83,61,True,2014-06-30 00:00:00.000
216,403414852,adventure-works\sean0,b'{W\x08',4.0,Quality Assurance Technician,1976-03-06,S,M,2008-12-28,False,82,61,True,2014-06-30 00:00:00.000
217,345106466,adventure-works\zainal0,b'{Z',3.0,Document Control Manager,1976-01-30,M,M,2009-01-04,False,77,58,True,2014-06-30 00:00:00.000
218,540688287,adventure-works\tengiz0,b'{Z\xb0',4.0,Control Specialist,1990-04-28,S,M,2008-12-16,False,76,58,True,2014-06-30 00:00:00.000
219,242381745,adventure-works\sean1,b'{Z\xd0',4.0,Document Control Assistant,1987-03-12,S,M,2009-01-22,False,78,59,True,2014-06-30 00:00:00.000
220,260770918,adventure-works\karen0,b'{Z\xf0',4.0,Document Control Assistant,1975-12-25,M,F,2009-02-09,False,79,59,True,2014-06-30 00:00:00.000
221,260805477,adventure-works\chris1,b'{[\x08',4.0,Control Specialist,1987-05-26,M,M,2009-03-06,False,75,57,True,2014-06-30 00:00:00.000
222,685233686,adventure-works\ascott0,b'{\xc0',2.0,Master Scheduler,1968-09-17,S,M,2008-12-12,False,44,42,True,2014-12-26 09:17:08.637
223,981495526,adventure-works\sairaj0,b'{\xd6',3.0,Scheduling Assistant,1987-12-22,M,M,2009-01-26,False,46,43,True,2014-06-30 00:00:00.000
224,621209647,adventure-works\william0,b'{\xda',3.0,Scheduling Assistant,1981-11-06,M,M,2009-01-07,False,45,42,True,2014-06-30 00:00:00.000
225,470689086,adventure-works\alan0,b'{\xde',3.0,Scheduling Assistant,1984-03-29,M,M,2009-02-13,False,47,43,True,2014-06-30 00:00:00.000
226,368691270,adventure-works\brian1,b'{\xe1',3.0,Scheduling Assistant,1984-08-11,M,M,2009-03-03,False,48,44,True,2014-06-30 00:00:00.000
227,141165819,adventure-works\gary1,b'| ',2.0,Facilities Manager,1971-02-18,M,M,2009-12-02,True,86,63,True,2014-06-30 00:00:00.000
228,553069203,adventure-works\christian0,b'|+',3.0,Maintenance Supervisor,1976-01-18,M,M,2008-12-14,True,92,66,True,2014-06-30 00:00:00.000
229,879334904,adventure-works\lori1,b'|+X',4.0,Janitor,1970-07-31,M,F,2010-02-16,False,90,65,True,2014-06-30 00:00:00.000
230,28414965,adventure-works\stuart1,b'|+h',4.0,Janitor,1971-12-17,M,M,2010-03-05,False,88,64,True,2014-06-30 00:00:00.000
231,153479919,adventure-works\jo1,b'|+x',4.0,Janitor,1954-04-24,M,F,2010-03-07,False,91,65,True,2014-06-30 00:00:00.000
232,646304055,adventure-works\pat0,b'|+\x84',4.0,Janitor,1970-12-03,S,M,2010-01-27,False,89,64,True,2014-06-30 00:00:00.000
233,552560652,adventure-works\magnus0,b'|-',3.0,Facilities Administrative Assistant,1971-08-27,M,M,2009-12-21,False,87,63,True,2014-06-30 00:00:00.000
234,184188301,adventure-works\laura1,b'\x84',1.0,Chief Financial Officer,1976-01-06,M,F,2009-01-31,True,0,20,True,2014-06-30 00:00:00.000
235,535145551,adventure-works\paula0,b'\x85`',2.0,Human Resources Manager,1976-02-11,M,F,2008-12-06,True,54,47,True,2014-06-30 00:00:00.000
236,476980013,adventure-works\grant0,b'\x85k',3.0,Human Resources Administrative Assistant,1976-04-16,S,M,2009-02-25,False,53,46,True,2014-06-30 00:00:00.000
237,416679555,adventure-works\hao0,b'\x85m',3.0,Human Resources Administrative Assistant,1977-04-17,S,M,2009-02-06,False,52,46,True,2014-06-30 00:00:00.000
238,264306399,adventure-works\vidur0,b'\x85o',3.0,Recruiter,1984-08-01,S,M,2009-01-01,False,50,45,True,2014-06-30 00:00:00.000
239,619308550,adventure-works\mindy0,b'\x85p\x80',3.0,Benefits Specialist,1984-11-20,M,F,2008-12-25,False,51,45,True,2014-06-30 00:00:00.000
240,332040978,adventure-works\willis0,b'\x85q\x80',3.0,Recruiter,1978-07-18,S,M,2008-12-13,False,49,44,True,2014-06-30 00:00:00.000
241,30845,adventure-works\david6,b'\x85\xa0',2.0,Accounts Manager,1983-07-08,M,M,2009-01-30,True,57,48,True,2014-06-30 00:00:00.000
242,363923697,adventure-works\deborah0,b'\x85\xab',3.0,Accounts Receivable Specialist,1976-03-06,M,F,2008-12-18,False,60,50,True,2014-06-30 00:00:00.000
243,60517918,adventure-works\candy0,b'\x85\xad',3.0,Accounts Receivable Specialist,1976-02-23,S,F,2009-01-06,False,61,50,True,2014-06-30 00:00:00.000
244,931190412,adventure-works\bryan1,b'\x85\xaf',3.0,Accounts Receivable Specialist,1984-09-20,S,M,2009-01-24,False,62,51,True,2014-06-30 00:00:00.000
245,363910111,adventure-works\barbara1,b'\x85\xb0\x80',3.0,Accountant,1976-01-04,M,F,2009-02-18,True,58,49,True,2014-06-30 00:00:00.000
246,663843431,adventure-works\dragan0,b'\x85\xb1\x80',3.0,Accounts Payable Specialist,1977-02-14,M,M,2009-02-11,False,63,51,True,2014-06-30 00:00:00.000
247,519756660,adventure-works\janet0,b'\x85\xb2\x80',3.0,Accounts Payable Specialist,1979-03-09,M,F,2009-03-01,False,64,52,True,2014-06-30 00:00:00.000
248,480951955,adventure-works\mike0,b'\x85\xb3\x80',3.0,Accountant,1979-07-01,S,M,2009-03-08,True,59,49,True,2014-06-30 00:00:00.000
249,121491555,adventure-works\wendy0,b'\x85\xe0',2.0,Finance Manager,1984-10-11,S,F,2008-12-25,True,55,47,True,2014-06-30 00:00:00.000
250,895209680,adventure-works\sheela0,b'\x85\xeb',3.0,Purchasing Manager,1978-02-10,S,F,2011-02-25,True,49,44,True,2014-06-30 00:00:00.000
251,603686790,adventure-works\mikael0,b'\x85\xebX',4.0,Buyer,1984-08-17,S,M,2009-02-10,False,59,49,True,2014-06-30 00:00:00.000
252,792847334,adventure-works\arvind0,b'\x85\xebh',4.0,Buyer,1974-08-21,M,M,2009-02-28,False,60,50,True,2014-06-30 00:00:00.000
253,407505660,adventure-works\linda2,b'\x85\xebx',4.0,Buyer,1970-11-30,M,F,2009-12-17,False,56,48,True,2014-06-30 00:00:00.000
254,482810518,adventure-works\fukiko0,b'\x85\xeb\x84',4.0,Buyer,1970-11-24,M,M,2010-01-04,False,57,48,True,2014-06-30 00:00:00.000
255,466142721,adventure-works\gordon0,b'\x85\xeb\x8c',4.0,Buyer,1966-11-29,M,M,2010-01-11,False,52,46,True,2014-06-30 00:00:00.000
256,367453993,adventure-works\frank2,b'\x85\xeb\x94',4.0,Buyer,1952-05-12,M,M,2010-01-23,False,58,49,True,2014-06-30 00:00:00.000
257,381073001,adventure-works\eric2,b'\x85\xeb\x9c',4.0,Buyer,1972-09-17,S,M,2010-01-27,False,54,47,True,2014-06-30 00:00:00.000
258,785853949,adventure-works\erin0,b'\x85\xeb\xa2',4.0,Buyer,1971-01-04,S,F,2010-01-31,False,53,46,True,2014-06-30 00:00:00.000
259,20269531,adventure-works\ben0,b'\x85\xeb\xa6',4.0,Buyer,1973-06-03,M,M,2010-03-09,False,55,47,True,2014-06-30 00:00:00.000
260,437296311,adventure-works\annette0,b'\x85\xeb\xaa',4.0,Purchasing Assistant,1978-01-29,M,F,2010-12-06,False,50,45,True,2014-06-30 00:00:00.000
261,280633567,adventure-works\reinout0,b'\x85\xeb\xae',4.0,Purchasing Assistant,1978-01-17,M,M,2010-12-25,False,51,45,True,2014-06-30 00:00:00.000
262,231203233,adventure-works\david5,b'\x86\x10',2.0,Assistant to the Chief Financial Officer,1964-06-21,S,M,2009-01-12,False,56,48,True,2014-06-30 00:00:00.000
263,441044382,adventure-works\jean0,b'\x8c',1.0,Information Services Manager,1975-12-13,S,F,2008-12-11,True,65,52,True,2014-06-30 00:00:00.000
264,858323870,adventure-works\stephanie0,b'\x8d`',2.0,Network Manager,1984-03-25,S,F,2009-02-04,True,68,54,True,2014-06-30 00:00:00.000
265,749389530,adventure-works\ashvini0,b'\x8dk',3.0,Network Administrator,1977-03-27,S,M,2008-12-04,False,70,55,True,2014-06-30 00:00:00.000
266,672243793,adventure-works\peter1,b'\x8dm',3.0,Network Administrator,1980-05-28,S,M,2009-02-23,False,69,54,True,2014-06-30 00:00:00.000
267,58317344,adventure-works\karen1,b'\x8d\xa0',2.0,Application Specialist,1978-05-19,S,F,2009-02-16,True,74,57,True,2014-06-30 00:00:00.000
268,314747499,adventure-works\ramesh0,b'\x8d\xe0',2.0,Application Specialist,1988-03-13,S,M,2009-02-03,True,73,56,True,2014-06-30 00:00:00.000
269,671089628,adventure-works\dan0,b'\x8e\x10',2.0,Application Specialist,1987-05-26,M,M,2009-01-11,True,72,56,True,2014-06-30 00:00:00.000
270,643805155,adventure-works\françois0,b'\x8e0',2.0,Database Administrator,1975-05-17,S,M,2009-01-17,True,67,53,True,2014-06-30 00:00:00.000
271,929666391,adventure-works\dan1,b'\x8eP',2.0,Database Administrator,1976-01-06,M,M,2009-01-22,True,66,53,True,2014-06-30 00:00:00.000
272,525932996,adventure-works\janaina0,b'\x8ep',2.0,Application Specialist,1985-01-30,M,F,2008-12-23,True,71,55,True,2014-06-30 00:00:00.000
273,112432117,adventure-works\brian3,b'\x94',1.0,Vice President of Sales,1977-06-06,S,M,2011-02-15,True,10,25,True,2014-06-30 00:00:00.000
274,502097814,adventure-works\stephen0,b'\x95`',2.0,North American Sales Manager,1951-10-17,M,M,2011-01-04,True,14,27,True,2014-06-30 00:00:00.000
275,841560125,adventure-works\michael9,b'\x95k',3.0,Sales Representative,1968-12-25,S,M,2011-05-31,True,38,39,True,2014-06-30 00:00:00.000
276,191644724,adventure-works\linda3,b'\x95m',3.0,Sales Representative,1980-02-27,M,F,2011-05-31,True,27,33,True,2014-06-30 00:00:00.000
277,615389812,adventure-works\jillian0,b'\x95o',3.0,Sales Representative,1962-08-29,S,F,2011-05-31,True,24,32,True,2014-06-30 00:00:00.000
278,234474252,adventure-works\garrett1,b'\x95p\x80',3.0,Sales Representative,1975-02-04,M,M,2011-05-31,True,33,36,True,2014-06-30 00:00:00.000
279,716374314,adventure-works\tsvi0,b'\x95q\x80',3.0,Sales Representative,1974-01-18,M,M,2011-05-31,True,29,34,True,2014-06-30 00:00:00.000
280,61161660,adventure-works\pamela0,b'\x95r\x80',3.0,Sales Representative,1974-12-06,S,F,2011-05-31,True,22,31,True,2014-06-30 00:00:00.000
281,139397894,adventure-works\shu0,b'\x95s\x80',3.0,Sales Representative,1968-03-09,M,M,2011-05-31,True,26,33,True,2014-06-30 00:00:00.000
282,399771412,adventure-works\josé1,b'\x95t@',3.0,Sales Representative,1963-12-11,M,M,2011-05-31,True,31,35,True,2014-06-30 00:00:00.000
283,987554265,adventure-works\david8,b'\x95t\xc0',3.0,Sales Representative,1974-02-11,S,M,2011-05-31,True,23,31,True,2014-06-30 00:00:00.000
284,90836195,adventure-works\tete0,b'\x95u@',3.0,Sales Representative,1978-01-05,M,M,2012-09-30,True,39,39,True,2014-06-30 00:00:00.000
285,481044938,adventure-works\syed0,b'\x95\xa0',2.0,Pacific Sales Manager,1975-01-11,M,M,2013-03-14,True,20,30,True,2014-06-30 00:00:00.000
286,758596752,adventure-works\lynn0,b'\x95\xab',3.0,Sales Representative,1977-02-14,S,F,2013-05-30,True,36,38,True,2014-06-30 00:00:00.000
287,982310417,adventure-works\amy0,b'\x95\xe0',2.0,European Sales Manager,1957-09-20,M,F,2012-04-16,True,21,30,True,2014-06-30 00:00:00.000
288,954276278,adventure-works\rachel0,b'\x95\xeb',3.0,Sales Representative,1975-07-09,S,F,2013-05-30,True,35,37,True,2014-06-30 00:00:00.000
289,668991357,adventure-works\jae0,b'\x95\xed',3.0,Sales Representative,1968-03-17,M,F,2012-05-30,True,37,38,True,2014-06-30 00:00:00.000
290,134219713,adventure-works\ranjit0,b'\x95\xef',3.0,Sales Representative,1975-09-30,S,M,2012-05-30,True,34,37,True,2014-06-30 00:00:00.000
