ProductID,Name,ProductNumber,MakeFlag,FinishedGoodsFlag,Color,SafetyStockLevel,ReorderPoint,StandardCost,ListPrice,Size,SizeUnitMeasureCode,WeightUnitMeasureCode,Weight,DaysToManufacture,ProductLine,Class,Style,ProductSubcategoryID,ProductModelID,SellStartDate,SellEndDate,ModifiedDate
1,Adjustable Race,AR-5381,False,False,Unknown,1000,750,0.0,0.0,N/A,Unknown,Unknown,-1.0,0,Not Specified,Not Specified,Not Specified,Unknown,Unknown,2008-04-30,,2014-02-08 10:01:36.827
2,Bearing Ball,BA-8327,False,False,Unknown,1000,750,0.0,0.0,N/A,Unknown,Unknown,-1.0,0,Not Specified,Not Specified,Not Specified,Unknown,Unknown,2008-04-30,,2014-02-08 10:01:36.827
3,BB Ball Bearing,BE-2349,True,False,Unknown,800,600,0.0,0.0,N/A,Unknown,Unknown,-1.0,1,Not Specified,Not Specified,Not Specified,Unknown,Unknown,2008-04-30,,2014-02-08 10:01:36.827
4,Headset Ball Bearings,BE-2908,False,False,Unknown,800,600,0.0,0.0,N/A,Unknown,Unknown,-1.0,0,Not Specified,Not Specified,Not Specified,Unknown,Unknown,2008-04-30,,2014-02-08 10:01:36.827
316,Blade,BL-2036,True,False,Unknown,800,600,0.0,0.0,N/A,Unknown,Unknown,-1.0,1,Not Specified,Not Specified,Not Specified,Unknown,Unknown,2008-04-30,,2014-02-08 10:01:36.827
317,LL Crankarm,CA-5965,False,False,Black,500,375,0.0,0.0,N/A,Unknown,Unknown,-1.0,0,Not Specified,L ,Not Specified,Unknown,Unknown,2008-04-30,,2014-02-08 10:01:36.827
318,ML Crankarm,CA-6738,False,False,Black,500,375,0.0,0.0,N/A,Unknown,Unknown,-1.0,0,Not Specified,M ,Not Specified,Unknown,Unknown,2008-04-30,,2014-02-08 10:01:36.827
319,HL Crankarm,CA-7457,False,False,Black,500,375,0.0,0.0,N/A,Unknown,Unknown,-1.0,0,Not Specified,Not Specified,Not Specified,Unknown,Unknown,2008-04-30,,2014-02-08 10:01:36.827
320,Chainring Bolts,CB-2903,False,False,Silver,1000,750,0.0,0.0,N/A,Unknown,Unknown,-1.0,0,Not Specified,Not Specified,Not Specified,Unknown,Unknown,2008-04-30,,2014-02-08 10:01:36.827
321,Chainring Nut,CN-6137,False,False,Silver,1000,750,0.0,0.0,N/A,Unknown,Unknown,-1.0,0,Not Specified,Not Specified,Not Specified,Unknown,Unknown,2008-04-30,,2014-02-08 10:01:36.827
322,Chainring,CR-7833,False,False,Black,1000,750,0.0,0.0,N/A,Unknown,Unknown,-1.0,0,Not Specified,Not Specified,Not Specified,Unknown,Unknown,2008-04-30,,2014-02-08 10:01:36.827
323,Crown Race,CR-9981,False,False,Unknown,1000,750,0.0,0.0,N/A,Unknown,Unknown,-1.0,0,Not Specified,Not Specified,Not Specified,Unknown,Unknown,2008-04-30,,2014-02-08 10:01:36.827
324,Chain Stays,CS-2812,True,False,Unknown,1000,750,0.0,0.0,N/A,Unknown,Unknown,-1.0,1,Not Specified,Not Specified,Not Specified,Unknown,Unknown,2008-04-30,,2014-02-08 10:01:36.827
325,Decal 1,DC-8732,False,False,Unknown,1000,750,0.0,0.0,N/A,Unknown,Unknown,-1.0,0,Not Specified,Not Specified,Not Specified,Unknown,Unknown,2008-04-30,,2014-02-08 10:01:36.827
326,Decal 2,DC-9824,False,False,Unknown,1000,750,0.0,0.0,N/A,Unknown,Unknown,-1.0,0,Not Specified,Not Specified,Not Specified,Unknown,Unknown,2008-04-30,,2014-02-08 10:01:36.827
327,Down Tube,DT-2377,True,False,Unknown,800,600,0.0,0.0,N/A,Unknown,Unknown,-1.0,1,Not Specified,Not Specified,Not Specified,Unknown,Unknown,2008-04-30,,2014-02-08 10:01:36.827
328,Mountain End Caps,EC-M092,True,False,Unknown,1000,750,0.0,0.0,N/A,Unknown,Unknown,-1.0,1,Not Specified,Not Specified,Not Specified,Unknown,Unknown,2008-04-30,,2014-02-08 10:01:36.827
329,Road End Caps,EC-R098,True,False,Unknown,1000,750,0.0,0.0,N/A,Unknown,Unknown,-1.0,1,Not Specified,Not Specified,Not Specified,Unknown,Unknown,2008-04-30,,2014-02-08 10:01:36.827
330,Touring End Caps,EC-T209,True,False,Unknown,1000,750,0.0,0.0,N/A,Unknown,Unknown,-1.0,1,Not Specified,Not Specified,Not Specified,Unknown,Unknown,2008-04-30,,2014-02-08 10:01:36.827
331,Fork End,FE-3760,True,False,Unknown,800,600,0.0,0.0,N/A,Unknown,Unknown,-1.0,1,Not Specified,Not Specified,Not Specified,Unknown,Unknown,2008-04-30,,2014-02-08 10:01:36.827
332,Freewheel,FH-2981,False,False,Silver,500,375,0.0,0.0,N/A,Unknown,Unknown,-1.0,0,Not Specified,Not Specified,Not Specified,Unknown,Unknown,2008-04-30,,2014-02-08 10:01:36.827
341,Flat Washer 1,FW-1000,False,False,Unknown,1000,750,0.0,0.0,N/A,Unknown,Unknown,-1.0,0,Not Specified,Not Specified,Not Specified,Unknown,Unknown,2008-04-30,,2014-02-08 10:01:36.827
342,Flat Washer 6,FW-1200,False,False,Unknown,1000,750,0.0,0.0,N/A,Unknown,Unknown,-1.0,0,Not Specified,Not Specified,Not Specified,Unknown,Unknown,2008-04-30,,2014-02-08 10:01:36.827
343,Flat Washer 2,FW-1400,False,False,Unknown,1000,750,0.0,0.0,N/A,Unknown,Unknown,-1.0,0,Not Specified,Not Specified,Not Specified,Unknown,Unknown,2008-04-30,,2014-02-08 10:01:36.827
344,Flat Washer 9,FW-3400,False,False,Unknown,1000,750,0.0,0.0,N/A,Unknown,Unknown,-1.0,0,Not Specified,Not Specified,Not Specified,Unknown,Unknown,2008-04-30,,2014-02-08 10:01:36.827
345,Flat Washer 4,FW-3800,False,False,Unknown,1000,750,0.0,0.0,N/A,Unknown,Unknown,-1.0,0,Not Specified,Not Specified,Not Specified,Unknown,Unknown,2008-04-30,,2014-02-08 10:01:36.827
346,Flat Washer 3,FW-5160,False,False,Unknown,1000,750,0.0,0.0,N/A,Unknown,Unknown,-1.0,0,Not Specified,Not Specified,Not Specified,Unknown,Unknown,2008-04-30,,2014-02-08 10:01:36.827
347,Flat Washer 8,FW-5800,False,False,Unknown,1000,750,0.0,0.0,N/A,Unknown,Unknown,-1.0,0,Not Specified,Not Specified,Not Specified,Unknown,Unknown,2008-04-30,,2014-02-08 10:01:36.827
348,Flat Washer 5,FW-7160,False,False,Unknown,1000,750,0.0,0.0,N/A,Unknown,Unknown,-1.0,0,Not Specified,Not Specified,Not Specified,Unknown,Unknown,2008-04-30,,2014-02-08 10:01:36.827
349,Flat Washer 7,FW-9160,False,False,Unknown,1000,750,0.0,0.0,N/A,Unknown,Unknown,-1.0,0,Not Specified,Not Specified,Not Specified,Unknown,Unknown,2008-04-30,,2014-02-08 10:01:36.827
350,Fork Crown,FC-3654,True,False,Unknown,800,600,0.0,0.0,N/A,Unknown,Unknown,-1.0,1,Not Specified,Not Specified,Not Specified,Unknown,Unknown,2008-04-30,,2014-02-08 10:01:36.827
351,Front Derailleur Cage,FC-3982,False,False,Silver,800,600,0.0,0.0,N/A,Unknown,Unknown,-1.0,0,Not Specified,Not Specified,Not Specified,Unknown,Unknown,2008-04-30,,2014-02-08 10:01:36.827
352,Front Derailleur Linkage,FL-2301,False,False,Silver,800,600,0.0,0.0,N/A,Unknown,Unknown,-1.0,0,Not Specified,Not Specified,Not Specified,Unknown,Unknown,2008-04-30,,2014-02-08 10:01:36.827
355,Guide Pulley,GP-0982,False,False,Unknown,800,600,0.0,0.0,N/A,Unknown,Unknown,-1.0,0,Not Specified,Not Specified,Not Specified,Unknown,Unknown,2008-04-30,,2014-02-08 10:01:36.827
356,LL Grip Tape,GT-0820,False,False,Unknown,800,600,0.0,0.0,N/A,Unknown,Unknown,-1.0,0,Not Specified,L ,Not Specified,Unknown,Unknown,2008-04-30,,2014-02-08 10:01:36.827
357,ML Grip Tape,GT-1209,False,False,Unknown,800,600,0.0,0.0,N/A,Unknown,Unknown,-1.0,0,Not Specified,M ,Not Specified,Unknown,Unknown,2008-04-30,,2014-02-08 10:01:36.827
358,HL Grip Tape,GT-2908,False,False,Unknown,800,600,0.0,0.0,N/A,Unknown,Unknown,-1.0,0,Not Specified,Not Specified,Not Specified,Unknown,Unknown,2008-04-30,,2014-02-08 10:01:36.827
359,Thin-Jam Hex Nut 9,HJ-1213,False,False,Unknown,1000,750,0.0,0.0,N/A,Unknown,Unknown,-1.0,0,Not Specified,Not Specified,Not Specified,Unknown,Unknown,2008-04-30,,2014-02-08 10:01:36.827
360,Thin-Jam Hex Nut 10,HJ-1220,False,False,Unknown,1000,750,0.0,0.0,N/A,Unknown,Unknown,-1.0,0,Not Specified,Not Specified,Not Specified,Unknown,Unknown,2008-04-30,,2014-02-08 10:01:36.827
361,Thin-Jam Hex Nut 1,HJ-1420,False,False,Unknown,1000,750,0.0,0.0,N/A,Unknown,Unknown,-1.0,0,Not Specified,Not Specified,Not Specified,Unknown,Unknown,2008-04-30,,2014-02-08 10:01:36.827
362,Thin-Jam Hex Nut 2,HJ-1428,False,False,Unknown,1000,750,0.0,0.0,N/A,Unknown,Unknown,-1.0,0,Not Specified,Not Specified,Not Specified,Unknown,Unknown,2008-04-30,,2014-02-08 10:01:36.827
363,Thin-Jam Hex Nut 15,HJ-3410,False,False,Unknown,1000,750,0.0,0.0,N/A,Unknown,Unknown,-1.0,0,Not Specified,Not Specified,Not Specified,Unknown,Unknown,2008-04-30,,2014-02-08 10:01:36.827
364,Thin-Jam Hex Nut 16,HJ-3416,False,False,Unknown,1000,750,0.0,0.0,N/A,Unknown,Unknown,-1.0,0,Not Specified,Not Specified,Not Specified,Unknown,Unknown,2008-04-30,,2014-02-08 10:01:36.827
365,Thin-Jam Hex Nut 5,HJ-3816,False,False,Unknown,1000,750,0.0,0.0,N/A,Unknown,Unknown,-1.0,0,Not Specified,Not Specified,Not Specified,Unknown,Unknown,2008-04-30,,2014-02-08 10:01:36.827
366,Thin-Jam Hex Nut 6,HJ-3824,False,False,Unknown,1000,750,0.0,0.0,N/A,Unknown,Unknown,-1.0,0,Not Specified,Not Specified,Not Specified,Unknown,Unknown,2008-04-30,,2014-02-08 10:01:36.827
367,Thin-Jam Hex Nut 3,HJ-5161,False,False,Unknown,1000,750,0.0,0.0,N/A,Unknown,Unknown,-1.0,0,Not Specified,Not Specified,Not Specified,Unknown,Unknown,2008-04-30,,2014-02-08 10:01:36.827
368,Thin-Jam Hex Nut 4,HJ-5162,False,False,Unknown,1000,750,0.0,0.0,N/A,Unknown,Unknown,-1.0,0,Not Specified,Not Specified,Not Specified,Unknown,Unknown,2008-04-30,,2014-02-08 10:01:36.827
369,Thin-Jam Hex Nut 13,HJ-5811,False,False,Unknown,1000,750,0.0,0.0,N/A,Unknown,Unknown,-1.0,0,Not Specified,Not Specified,Not Specified,Unknown,Unknown,2008-04-30,,2014-02-08 10:01:36.827
370,Thin-Jam Hex Nut 14,HJ-5818,False,False,Unknown,1000,750,0.0,0.0,N/A,Unknown,Unknown,-1.0,0,Not Specified,Not Specified,Not Specified,Unknown,Unknown,2008-04-30,,2014-02-08 10:01:36.827
371,Thin-Jam Hex Nut 7,HJ-7161,False,False,Unknown,1000,750,0.0,0.0,N/A,Unknown,Unknown,-1.0,0,Not Specified,Not Specified,Not Specified,Unknown,Unknown,2008-04-30,,2014-02-08 10:01:36.827
372,Thin-Jam Hex Nut 8,HJ-7162,False,False,Unknown,1000,750,0.0,0.0,N/A,Unknown,Unknown,-1.0,0,Not Specified,Not Specified,Not Specified,Unknown,Unknown,2008-04-30,,2014-02-08 10:01:36.827
373,Thin-Jam Hex Nut 12,HJ-9080,False,False,Unknown,1000,750,0.0,0.0,N/A,Unknown,Unknown,-1.0,0,Not Specified,Not Specified,Not Specified,Unknown,Unknown,2008-04-30,,2014-02-08 10:01:36.827
374,Thin-Jam Hex Nut 11,HJ-9161,False,False,Unknown,1000,750,0.0,0.0,N/A,Unknown,Unknown,-1.0,0,Not Specified,Not Specified,Not Specified,Unknown,Unknown,2008-04-30,,2014-02-08 10:01:36.827
375,Hex Nut 5,HN-1024,False,False,Unknown,1000,750,0.0,0.0,N/A,Unknown,Unknown,-1.0,0,Not Specified,Not Specified,Not Specified,Unknown,Unknown,2008-04-30,,2014-02-08 10:01:36.827
376,Hex Nut 6,HN-1032,False,False,Unknown,1000,750,0.0,0.0,N/A,Unknown,Unknown,-1.0,0,Not Specified,Not Specified,Not Specified,Unknown,Unknown,2008-04-30,,2014-02-08 10:01:36.827
377,Hex Nut 16,HN-1213,False,False,Unknown,1000,750,0.0,0.0,N/A,Unknown,Unknown,-1.0,0,Not Specified,Not Specified,Not Specified,Unknown,Unknown,2008-04-30,,2014-02-08 10:01:36.827
378,Hex Nut 17,HN-1220,False,False,Unknown,1000,750,0.0,0.0,N/A,Unknown,Unknown,-1.0,0,Not Specified,Not Specified,Not Specified,Unknown,Unknown,2008-04-30,,2014-02-08 10:01:36.827
379,Hex Nut 7,HN-1224,False,False,Unknown,1000,750,0.0,0.0,N/A,Unknown,Unknown,-1.0,0,Not Specified,Not Specified,Not Specified,Unknown,Unknown,2008-04-30,,2014-02-08 10:01:36.827
380,Hex Nut 8,HN-1420,False,False,Unknown,1000,750,0.0,0.0,N/A,Unknown,Unknown,-1.0,0,Not Specified,Not Specified,Not Specified,Unknown,Unknown,2008-04-30,,2014-02-08 10:01:36.827
381,Hex Nut 9,HN-1428,False,False,Unknown,1000,750,0.0,0.0,N/A,Unknown,Unknown,-1.0,0,Not Specified,Not Specified,Not Specified,Unknown,Unknown,2008-04-30,,2014-02-08 10:01:36.827
382,Hex Nut 22,HN-3410,False,False,Unknown,1000,750,0.0,0.0,N/A,Unknown,Unknown,-1.0,0,Not Specified,Not Specified,Not Specified,Unknown,Unknown,2008-04-30,,2014-02-08 10:01:36.827
383,Hex Nut 23,HN-3416,False,False,Unknown,1000,750,0.0,0.0,N/A,Unknown,Unknown,-1.0,0,Not Specified,Not Specified,Not Specified,Unknown,Unknown,2008-04-30,,2014-02-08 10:01:36.827
384,Hex Nut 12,HN-3816,False,False,Unknown,1000,750,0.0,0.0,N/A,Unknown,Unknown,-1.0,0,Not Specified,Not Specified,Not Specified,Unknown,Unknown,2008-04-30,,2014-02-08 10:01:36.827
385,Hex Nut 13,HN-3824,False,False,Unknown,1000,750,0.0,0.0,N/A,Unknown,Unknown,-1.0,0,Not Specified,Not Specified,Not Specified,Unknown,Unknown,2008-04-30,,2014-02-08 10:01:36.827
386,Hex Nut 1,HN-4402,False,False,Unknown,1000,750,0.0,0.0,N/A,Unknown,Unknown,-1.0,0,Not Specified,Not Specified,Not Specified,Unknown,Unknown,2008-04-30,,2014-02-08 10:01:36.827
387,Hex Nut 10,HN-5161,False,False,Unknown,1000,750,0.0,0.0,N/A,Unknown,Unknown,-1.0,0,Not Specified,Not Specified,Not Specified,Unknown,Unknown,2008-04-30,,2014-02-08 10:01:36.827
388,Hex Nut 11,HN-5162,False,False,Unknown,1000,750,0.0,0.0,N/A,Unknown,Unknown,-1.0,0,Not Specified,Not Specified,Not Specified,Unknown,Unknown,2008-04-30,,2014-02-08 10:01:36.827
389,Hex Nut 2,HN-5400,False,False,Unknown,1000,750,0.0,0.0,N/A,Unknown,Unknown,-1.0,0,Not Specified,Not Specified,Not Specified,Unknown,Unknown,2008-04-30,,2014-02-08 10:01:36.827
390,Hex Nut 20,HN-5811,False,False,Unknown,1000,750,0.0,0.0,N/A,Unknown,Unknown,-1.0,0,Not Specified,Not Specified,Not Specified,Unknown,Unknown,2008-04-30,,2014-02-08 10:01:36.827
391,Hex Nut 21,HN-5818,False,False,Unknown,1000,750,0.0,0.0,N/A,Unknown,Unknown,-1.0,0,Not Specified,Not Specified,Not Specified,Unknown,Unknown,2008-04-30,,2014-02-08 10:01:36.827
392,Hex Nut 3,HN-6320,False,False,Unknown,1000,750,0.0,0.0,N/A,Unknown,Unknown,-1.0,0,Not Specified,Not Specified,Not Specified,Unknown,Unknown,2008-04-30,,2014-02-08 10:01:36.827
393,Hex Nut 14,HN-7161,False,False,Unknown,1000,750,0.0,0.0,N/A,Unknown,Unknown,-1.0,0,Not Specified,Not Specified,Not Specified,Unknown,Unknown,2008-04-30,,2014-02-08 10:01:36.827
394,Hex Nut 15,HN-7162,False,False,Unknown,1000,750,0.0,0.0,N/A,Unknown,Unknown,-1.0,0,Not Specified,Not Specified,Not Specified,Unknown,Unknown,2008-04-30,,2014-02-08 10:01:36.827
395,Hex Nut 4,HN-8320,False,False,Unknown,1000,750,0.0,0.0,N/A,Unknown,Unknown,-1.0,0,Not Specified,Not Specified,Not Specified,Unknown,Unknown,2008-04-30,,2014-02-08 10:01:36.827
396,Hex Nut 18,HN-9161,False,False,Unknown,1000,750,0.0,0.0,N/A,Unknown,Unknown,-1.0,0,Not Specified,Not Specified,Not Specified,Unknown,Unknown,2008-04-30,,2014-02-08 10:01:36.827
397,Hex Nut 19,HN-9168,False,False,Unknown,1000,750,0.0,0.0,N/A,Unknown,Unknown,-1.0,0,Not Specified,Not Specified,Not Specified,Unknown,Unknown,2008-04-30,,2014-02-08 10:01:36.827
398,Handlebar Tube,HT-2981,True,False,Unknown,800,600,0.0,0.0,N/A,Unknown,Unknown,-1.0,1,Not Specified,Not Specified,Not Specified,Unknown,Unknown,2008-04-30,,2014-02-08 10:01:36.827
399,Head Tube,HT-8019,True,False,Unknown,800,600,0.0,0.0,N/A,Unknown,Unknown,-1.0,1,Not Specified,Not Specified,Not Specified,Unknown,Unknown,2008-04-30,,2014-02-08 10:01:36.827
400,LL Hub,HU-6280,True,False,Unknown,500,375,0.0,0.0,N/A,Unknown,Unknown,-1.0,1,Not Specified,L ,Not Specified,Unknown,Unknown,2008-04-30,,2014-02-08 10:01:36.827
401,HL Hub,HU-8998,True,False,Unknown,500,375,0.0,0.0,N/A,Unknown,Unknown,-1.0,1,Not Specified,Not Specified,Not Specified,Unknown,Unknown,2008-04-30,,2014-02-08 10:01:36.827
402,Keyed Washer,KW-4091,False,False,Unknown,1000,750,0.0,0.0,N/A,Unknown,Unknown,-1.0,0,Not Specified,Not Specified,Not Specified,Unknown,Unknown,2008-04-30,,2014-02-08 10:01:36.827
403,External Lock Washer 3,LE-1000,False,False,Unknown,1000,750,0.0,0.0,N/A,Unknown,Unknown,-1.0,0,Not Specified,Not Specified,Not Specified,Unknown,Unknown,2008-04-30,,2014-02-08 10:01:36.827
404,External Lock Washer 4,LE-1200,False,False,Unknown,1000,750,0.0,0.0,N/A,Unknown,Unknown,-1.0,0,Not Specified,Not Specified,Not Specified,Unknown,Unknown,2008-04-30,,2014-02-08 10:01:36.827
405,External Lock Washer 9,LE-1201,False,False,Unknown,1000,750,0.0,0.0,N/A,Unknown,Unknown,-1.0,0,Not Specified,Not Specified,Not Specified,Unknown,Unknown,2008-04-30,,2014-02-08 10:01:36.827
406,External Lock Washer 5,LE-1400,False,False,Unknown,1000,750,0.0,0.0,N/A,Unknown,Unknown,-1.0,0,Not Specified,Not Specified,Not Specified,Unknown,Unknown,2008-04-30,,2014-02-08 10:01:36.827
407,External Lock Washer 7,LE-3800,False,False,Unknown,1000,750,0.0,0.0,N/A,Unknown,Unknown,-1.0,0,Not Specified,Not Specified,Not Specified,Unknown,Unknown,2008-04-30,,2014-02-08 10:01:36.827
408,External Lock Washer 6,LE-5160,False,False,Unknown,1000,750,0.0,0.0,N/A,Unknown,Unknown,-1.0,0,Not Specified,Not Specified,Not Specified,Unknown,Unknown,2008-04-30,,2014-02-08 10:01:36.827
409,External Lock Washer 1,LE-6000,False,False,Unknown,1000,750,0.0,0.0,N/A,Unknown,Unknown,-1.0,0,Not Specified,Not Specified,Not Specified,Unknown,Unknown,2008-04-30,,2014-02-08 10:01:36.827
410,External Lock Washer 8,LE-7160,False,False,Unknown,1000,750,0.0,0.0,N/A,Unknown,Unknown,-1.0,0,Not Specified,Not Specified,Not Specified,Unknown,Unknown,2008-04-30,,2014-02-08 10:01:36.827
411,External Lock Washer 2,LE-8000,False,False,Unknown,1000,750,0.0,0.0,N/A,Unknown,Unknown,-1.0,0,Not Specified,Not Specified,Not Specified,Unknown,Unknown,2008-04-30,,2014-02-08 10:01:36.827
412,Internal Lock Washer 3,LI-1000,False,False,Unknown,1000,750,0.0,0.0,N/A,Unknown,Unknown,-1.0,0,Not Specified,Not Specified,Not Specified,Unknown,Unknown,2008-04-30,,2014-02-08 10:01:36.827
413,Internal Lock Washer 4,LI-1200,False,False,Unknown,1000,750,0.0,0.0,N/A,Unknown,Unknown,-1.0,0,Not Specified,Not Specified,Not Specified,Unknown,Unknown,2008-04-30,,2014-02-08 10:01:36.827
414,Internal Lock Washer 9,LI-1201,False,False,Unknown,1000,750,0.0,0.0,N/A,Unknown,Unknown,-1.0,0,Not Specified,Not Specified,Not Specified,Unknown,Unknown,2008-04-30,,2014-02-08 10:01:36.827
415,Internal Lock Washer 5,LI-1400,False,False,Unknown,1000,750,0.0,0.0,N/A,Unknown,Unknown,-1.0,0,Not Specified,Not Specified,Not Specified,Unknown,Unknown,2008-04-30,,2014-02-08 10:01:36.827
416,Internal Lock Washer 7,LI-3800,False,False,Unknown,1000,750,0.0,0.0,N/A,Unknown,Unknown,-1.0,0,Not Specified,Not Specified,Not Specified,Unknown,Unknown,2008-04-30,,2014-02-08 10:01:36.827
417,Internal Lock Washer 6,LI-5160,False,False,Unknown,1000,750,0.0,0.0,N/A,Unknown,Unknown,-1.0,0,Not Specified,Not Specified,Not Specified,Unknown,Unknown,2008-04-30,,2014-02-08 10:01:36.827
418,Internal Lock Washer 10,LI-5800,False,False,Unknown,1000,750,0.0,0.0,N/A,Unknown,Unknown,-1.0,0,Not Specified,Not Specified,Not Specified,Unknown,Unknown,2008-04-30,,2014-02-08 10:01:36.827
419,Internal Lock Washer 1,LI-6000,False,False,Unknown,1000,750,0.0,0.0,N/A,Unknown,Unknown,-1.0,0,Not Specified,Not Specified,Not Specified,Unknown,Unknown,2008-04-30,,2014-02-08 10:01:36.827
420,Internal Lock Washer 8,LI-7160,False,False,Unknown,1000,750,0.0,0.0,N/A,Unknown,Unknown,-1.0,0,Not Specified,Not Specified,Not Specified,Unknown,Unknown,2008-04-30,,2014-02-08 10:01:36.827
421,Internal Lock Washer 2,LI-8000,False,False,Unknown,1000,750,0.0,0.0,N/A,Unknown,Unknown,-1.0,0,Not Specified,Not Specified,Not Specified,Unknown,Unknown,2008-04-30,,2014-02-08 10:01:36.827
422,Thin-Jam Lock Nut 9,LJ-1213,False,False,Unknown,1000,750,0.0,0.0,N/A,Unknown,Unknown,-1.0,0,Not Specified,Not Specified,Not Specified,Unknown,Unknown,2008-04-30,,2014-02-08 10:01:36.827
423,Thin-Jam Lock Nut 10,LJ-1220,False,False,Unknown,1000,750,0.0,0.0,N/A,Unknown,Unknown,-1.0,0,Not Specified,Not Specified,Not Specified,Unknown,Unknown,2008-04-30,,2014-02-08 10:01:36.827
424,Thin-Jam Lock Nut 1,LJ-1420,False,False,Unknown,1000,750,0.0,0.0,N/A,Unknown,Unknown,-1.0,0,Not Specified,Not Specified,Not Specified,Unknown,Unknown,2008-04-30,,2014-02-08 10:01:36.827
425,Thin-Jam Lock Nut 2,LJ-1428,False,False,Unknown,1000,750,0.0,0.0,N/A,Unknown,Unknown,-1.0,0,Not Specified,Not Specified,Not Specified,Unknown,Unknown,2008-04-30,,2014-02-08 10:01:36.827
426,Thin-Jam Lock Nut 15,LJ-3410,False,False,Unknown,1000,750,0.0,0.0,N/A,Unknown,Unknown,-1.0,0,Not Specified,Not Specified,Not Specified,Unknown,Unknown,2008-04-30,,2014-02-08 10:01:36.827
427,Thin-Jam Lock Nut 16,LJ-3416,False,False,Unknown,1000,750,0.0,0.0,N/A,Unknown,Unknown,-1.0,0,Not Specified,Not Specified,Not Specified,Unknown,Unknown,2008-04-30,,2014-02-08 10:01:36.827
428,Thin-Jam Lock Nut 5,LJ-3816,False,False,Unknown,1000,750,0.0,0.0,N/A,Unknown,Unknown,-1.0,0,Not Specified,Not Specified,Not Specified,Unknown,Unknown,2008-04-30,,2014-02-08 10:01:36.827
429,Thin-Jam Lock Nut 6,LJ-3824,False,False,Unknown,1000,750,0.0,0.0,N/A,Unknown,Unknown,-1.0,0,Not Specified,Not Specified,Not Specified,Unknown,Unknown,2008-04-30,,2014-02-08 10:01:36.827
430,Thin-Jam Lock Nut 3,LJ-5161,False,False,Unknown,1000,750,0.0,0.0,N/A,Unknown,Unknown,-1.0,0,Not Specified,Not Specified,Not Specified,Unknown,Unknown,2008-04-30,,2014-02-08 10:01:36.827
431,Thin-Jam Lock Nut 4,LJ-5162,False,False,Unknown,1000,750,0.0,0.0,N/A,Unknown,Unknown,-1.0,0,Not Specified,Not Specified,Not Specified,Unknown,Unknown,2008-04-30,,2014-02-08 10:01:36.827
432,Thin-Jam Lock Nut 13,LJ-5811,False,False,Unknown,1000,750,0.0,0.0,N/A,Unknown,Unknown,-1.0,0,Not Specified,Not Specified,Not Specified,Unknown,Unknown,2008-04-30,,2014-02-08 10:01:36.827
433,Thin-Jam Lock Nut 14,LJ-5818,False,False,Unknown,1000,750,0.0,0.0,N/A,Unknown,Unknown,-1.0,0,Not Specified,Not Specified,Not Specified,Unknown,Unknown,2008-04-30,,2014-02-08 10:01:36.827
434,Thin-Jam Lock Nut 7,LJ-7161,False,False,Unknown,1000,750,0.0,0.0,N/A,Unknown,Unknown,-1.0,0,Not Specified,Not Specified,Not Specified,Unknown,Unknown,2008-04-30,,2014-02-08 10:01:36.827
435,Thin-Jam Lock Nut 8,LJ-7162,False,False,Unknown,1000,750,0.0,0.0,N/A,Unknown,Unknown,-1.0,0,Not Specified,Not Specified,Not Specified,Unknown,Unknown,2008-04-30,,2014-02-08 10:01:36.827
436,Thin-Jam Lock Nut 12,LJ-9080,False,False,Unknown,1000,750,0.0,0.0,N/A,Unknown,Unknown,-1.0,0,Not Specified,Not Specified,Not Specified,Unknown,Unknown,2008-04-30,,2014-02-08 10:01:36.827
437,Thin-Jam Lock Nut 11,LJ-9161,False,False,Unknown,1000,750,0.0,0.0,N/A,Unknown,Unknown,-1.0,0,Not Specified,Not Specified,Not Specified,Unknown,Unknown,2008-04-30,,2014-02-08 10:01:36.827
438,Lock Nut 5,LN-1024,False,False,Unknown,1000,750,0.0,0.0,N/A,Unknown,Unknown,-1.0,0,Not Specified,Not Specified,Not Specified,Unknown,Unknown,2008-04-30,,2014-02-08 10:01:36.827
439,Lock Nut 6,LN-1032,False,False,Unknown,1000,750,0.0,0.0,N/A,Unknown,Unknown,-1.0,0,Not Specified,Not Specified,Not Specified,Unknown,Unknown,2008-04-30,,2014-02-08 10:01:36.827
440,Lock Nut 16,LN-1213,False,False,Unknown,1000,750,0.0,0.0,N/A,Unknown,Unknown,-1.0,0,Not Specified,Not Specified,Not Specified,Unknown,Unknown,2008-04-30,,2014-02-08 10:01:36.827
441,Lock Nut 17,LN-1220,False,False,Unknown,1000,750,0.0,0.0,N/A,Unknown,Unknown,-1.0,0,Not Specified,Not Specified,Not Specified,Unknown,Unknown,2008-04-30,,2014-02-08 10:01:36.827
442,Lock Nut 7,LN-1224,False,False,Unknown,1000,750,0.0,0.0,N/A,Unknown,Unknown,-1.0,0,Not Specified,Not Specified,Not Specified,Unknown,Unknown,2008-04-30,,2014-02-08 10:01:36.827
443,Lock Nut 8,LN-1420,False,False,Unknown,1000,750,0.0,0.0,N/A,Unknown,Unknown,-1.0,0,Not Specified,Not Specified,Not Specified,Unknown,Unknown,2008-04-30,,2014-02-08 10:01:36.827
444,Lock Nut 9,LN-1428,False,False,Unknown,1000,750,0.0,0.0,N/A,Unknown,Unknown,-1.0,0,Not Specified,Not Specified,Not Specified,Unknown,Unknown,2008-04-30,,2014-02-08 10:01:36.827
445,Lock Nut 22,LN-3410,False,False,Unknown,1000,750,0.0,0.0,N/A,Unknown,Unknown,-1.0,0,Not Specified,Not Specified,Not Specified,Unknown,Unknown,2008-04-30,,2014-02-08 10:01:36.827
446,Lock Nut 23,LN-3416,False,False,Unknown,1000,750,0.0,0.0,N/A,Unknown,Unknown,-1.0,0,Not Specified,Not Specified,Not Specified,Unknown,Unknown,2008-04-30,,2014-02-08 10:01:36.827
447,Lock Nut 12,LN-3816,False,False,Unknown,1000,750,0.0,0.0,N/A,Unknown,Unknown,-1.0,0,Not Specified,Not Specified,Not Specified,Unknown,Unknown,2008-04-30,,2014-02-08 10:01:36.827
448,Lock Nut 13,LN-3824,False,False,Unknown,1000,750,0.0,0.0,N/A,Unknown,Unknown,-1.0,0,Not Specified,Not Specified,Not Specified,Unknown,Unknown,2008-04-30,,2014-02-08 10:01:36.827
449,Lock Nut 1,LN-4400,False,False,Unknown,1000,750,0.0,0.0,N/A,Unknown,Unknown,-1.0,0,Not Specified,Not Specified,Not Specified,Unknown,Unknown,2008-04-30,,2014-02-08 10:01:36.827
450,Lock Nut 10,LN-5161,False,False,Unknown,1000,750,0.0,0.0,N/A,Unknown,Unknown,-1.0,0,Not Specified,Not Specified,Not Specified,Unknown,Unknown,2008-04-30,,2014-02-08 10:01:36.827
451,Lock Nut 11,LN-5162,False,False,Unknown,1000,750,0.0,0.0,N/A,Unknown,Unknown,-1.0,0,Not Specified,Not Specified,Not Specified,Unknown,Unknown,2008-04-30,,2014-02-08 10:01:36.827
452,Lock Nut 2,LN-5400,False,False,Unknown,1000,750,0.0,0.0,N/A,Unknown,Unknown,-1.0,0,Not Specified,Not Specified,Not Specified,Unknown,Unknown,2008-04-30,,2014-02-08 10:01:36.827
453,Lock Nut 20,LN-5811,False,False,Unknown,1000,750,0.0,0.0,N/A,Unknown,Unknown,-1.0,0,Not Specified,Not Specified,Not Specified,Unknown,Unknown,2008-04-30,,2014-02-08 10:01:36.827
454,Lock Nut 21,LN-5818,False,False,Unknown,1000,750,0.0,0.0,N/A,Unknown,Unknown,-1.0,0,Not Specified,Not Specified,Not Specified,Unknown,Unknown,2008-04-30,,2014-02-08 10:01:36.827
455,Lock Nut 3,LN-6320,False,False,Unknown,1000,750,0.0,0.0,N/A,Unknown,Unknown,-1.0,0,Not Specified,Not Specified,Not Specified,Unknown,Unknown,2008-04-30,,2014-02-08 10:01:36.827
456,Lock Nut 14,LN-7161,False,False,Unknown,1000,750,0.0,0.0,N/A,Unknown,Unknown,-1.0,0,Not Specified,Not Specified,Not Specified,Unknown,Unknown,2008-04-30,,2014-02-08 10:01:36.827
457,Lock Nut 15,LN-7162,False,False,Unknown,1000,750,0.0,0.0,N/A,Unknown,Unknown,-1.0,0,Not Specified,Not Specified,Not Specified,Unknown,Unknown,2008-04-30,,2014-02-08 10:01:36.827
458,Lock Nut 4,LN-8320,False,False,Unknown,1000,750,0.0,0.0,N/A,Unknown,Unknown,-1.0,0,Not Specified,Not Specified,Not Specified,Unknown,Unknown,2008-04-30,,2014-02-08 10:01:36.827
459,Lock Nut 19,LN-9080,False,False,Unknown,1000,750,0.0,0.0,N/A,Unknown,Unknown,-1.0,0,Not Specified,Not Specified,Not Specified,Unknown,Unknown,2008-04-30,,2014-02-08 10:01:36.827
460,Lock Nut 18,LN-9161,False,False,Unknown,1000,750,0.0,0.0,N/A,Unknown,Unknown,-1.0,0,Not Specified,Not Specified,Not Specified,Unknown,Unknown,2008-04-30,,2014-02-08 10:01:36.827
461,Lock Ring,LR-2398,False,False,Silver,1000,750,0.0,0.0,N/A,Unknown,Unknown,-1.0,0,Not Specified,Not Specified,Not Specified,Unknown,Unknown,2008-04-30,,2014-02-08 10:01:36.827
462,Lower Head Race,LR-8520,False,False,Unknown,1000,750,0.0,0.0,N/A,Unknown,Unknown,-1.0,0,Not Specified,Not Specified,Not Specified,Unknown,Unknown,2008-04-30,,2014-02-08 10:01:36.827
463,Lock Washer 4,LW-1000,False,False,Unknown,1000,750,0.0,0.0,N/A,Unknown,Unknown,-1.0,0,Not Specified,Not Specified,Not Specified,Unknown,Unknown,2008-04-30,,2014-02-08 10:01:36.827
464,Lock Washer 5,LW-1200,False,False,Unknown,1000,750,0.0,0.0,N/A,Unknown,Unknown,-1.0,0,Not Specified,Not Specified,Not Specified,Unknown,Unknown,2008-04-30,,2014-02-08 10:01:36.827
465,Lock Washer 10,LW-1201,False,False,Unknown,1000,750,0.0,0.0,N/A,Unknown,Unknown,-1.0,0,Not Specified,Not Specified,Not Specified,Unknown,Unknown,2008-04-30,,2014-02-08 10:01:36.827
466,Lock Washer 6,LW-1400,False,False,Unknown,1000,750,0.0,0.0,N/A,Unknown,Unknown,-1.0,0,Not Specified,Not Specified,Not Specified,Unknown,Unknown,2008-04-30,,2014-02-08 10:01:36.827
467,Lock Washer 13,LW-3400,False,False,Unknown,1000,750,0.0,0.0,N/A,Unknown,Unknown,-1.0,0,Not Specified,Not Specified,Not Specified,Unknown,Unknown,2008-04-30,,2014-02-08 10:01:36.827
468,Lock Washer 8,LW-3800,False,False,Unknown,1000,750,0.0,0.0,N/A,Unknown,Unknown,-1.0,0,Not Specified,Not Specified,Not Specified,Unknown,Unknown,2008-04-30,,2014-02-08 10:01:36.827
469,Lock Washer 1,LW-4000,False,False,Unknown,1000,750,0.0,0.0,N/A,Unknown,Unknown,-1.0,0,Not Specified,Not Specified,Not Specified,Unknown,Unknown,2008-04-30,,2014-02-08 10:01:36.827
470,Lock Washer 7,LW-5160,False,False,Unknown,1000,750,0.0,0.0,N/A,Unknown,Unknown,-1.0,0,Not Specified,Not Specified,Not Specified,Unknown,Unknown,2008-04-30,,2014-02-08 10:01:36.827
471,Lock Washer 12,LW-5800,False,False,Unknown,1000,750,0.0,0.0,N/A,Unknown,Unknown,-1.0,0,Not Specified,Not Specified,Not Specified,Unknown,Unknown,2008-04-30,,2014-02-08 10:01:36.827
472,Lock Washer 2,LW-6000,False,False,Unknown,1000,750,0.0,0.0,N/A,Unknown,Unknown,-1.0,0,Not Specified,Not Specified,Not Specified,Unknown,Unknown,2008-04-30,,2014-02-08 10:01:36.827
473,Lock Washer 9,LW-7160,False,False,Unknown,1000,750,0.0,0.0,N/A,Unknown,Unknown,-1.0,0,Not Specified,Not Specified,Not Specified,Unknown,Unknown,2008-04-30,,2014-02-08 10:01:36.827
474,Lock Washer 3,LW-8000,False,False,Unknown,1000,750,0.0,0.0,N/A,Unknown,Unknown,-1.0,0,Not Specified,Not Specified,Not Specified,Unknown,Unknown,2008-04-30,,2014-02-08 10:01:36.827
475,Lock Washer 11,LW-9160,False,False,Unknown,1000,750,0.0,0.0,N/A,Unknown,Unknown,-1.0,0,Not Specified,Not Specified,Not Specified,Unknown,Unknown,2008-04-30,,2014-02-08 10:01:36.827
476,Metal Angle,MA-7075,False,False,Unknown,1000,750,0.0,0.0,N/A,Unknown,Unknown,-1.0,0,Not Specified,Not Specified,Not Specified,Unknown,Unknown,2008-04-30,,2014-02-08 10:01:36.827
477,Metal Bar 1,MB-2024,False,False,Unknown,1000,750,0.0,0.0,N/A,Unknown,Unknown,-1.0,0,Not Specified,Not Specified,Not Specified,Unknown,Unknown,2008-04-30,,2014-02-08 10:01:36.827
478,Metal Bar 2,MB-6061,False,False,Unknown,1000,750,0.0,0.0,N/A,Unknown,Unknown,-1.0,0,Not Specified,Not Specified,Not Specified,Unknown,Unknown,2008-04-30,,2014-02-08 10:01:36.827
479,Metal Plate 2,MP-2066,False,False,Unknown,1000,750,0.0,0.0,N/A,Unknown,Unknown,-1.0,0,Not Specified,Not Specified,Not Specified,Unknown,Unknown,2008-04-30,,2014-02-08 10:01:36.827
480,Metal Plate 1,MP-2503,False,False,Unknown,1000,750,0.0,0.0,N/A,Unknown,Unknown,-1.0,0,Not Specified,Not Specified,Not Specified,Unknown,Unknown,2008-04-30,,2014-02-08 10:01:36.827
481,Metal Plate 3,MP-4960,False,False,Unknown,1000,750,0.0,0.0,N/A,Unknown,Unknown,-1.0,0,Not Specified,Not Specified,Not Specified,Unknown,Unknown,2008-04-30,,2014-02-08 10:01:36.827
482,Metal Sheet 2,MS-0253,False,False,Unknown,1000,750,0.0,0.0,N/A,Unknown,Unknown,-1.0,0,Not Specified,Not Specified,Not Specified,Unknown,Unknown,2008-04-30,,2014-02-08 10:01:36.827
483,Metal Sheet 3,MS-1256,False,False,Unknown,1000,750,0.0,0.0,N/A,Unknown,Unknown,-1.0,0,Not Specified,Not Specified,Not Specified,Unknown,Unknown,2008-04-30,,2014-02-08 10:01:36.827
484,Metal Sheet 7,MS-1981,False,False,Unknown,1000,750,0.0,0.0,N/A,Unknown,Unknown,-1.0,0,Not Specified,Not Specified,Not Specified,Unknown,Unknown,2008-04-30,,2014-02-08 10:01:36.827
485,Metal Sheet 4,MS-2259,False,False,Unknown,1000,750,0.0,0.0,N/A,Unknown,Unknown,-1.0,0,Not Specified,Not Specified,Not Specified,Unknown,Unknown,2008-04-30,,2014-02-08 10:01:36.827
486,Metal Sheet 5,MS-2341,False,False,Unknown,1000,750,0.0,0.0,N/A,Unknown,Unknown,-1.0,0,Not Specified,Not Specified,Not Specified,Unknown,Unknown,2008-04-30,,2014-02-08 10:01:36.827
487,Metal Sheet 6,MS-2348,False,False,Unknown,1000,750,0.0,0.0,N/A,Unknown,Unknown,-1.0,0,Not Specified,Not Specified,Not Specified,Unknown,Unknown,2008-04-30,,2014-02-08 10:01:36.827
488,Metal Sheet 1,MS-6061,False,False,Unknown,1000,750,0.0,0.0,N/A,Unknown,Unknown,-1.0,0,Not Specified,Not Specified,Not Specified,Unknown,Unknown,2008-04-30,,2014-02-08 10:01:36.827
489,Metal Tread Plate,MT-1000,False,False,Unknown,1000,750,0.0,0.0,N/A,Unknown,Unknown,-1.0,0,Not Specified,Not Specified,Not Specified,Unknown,Unknown,2008-04-30,,2014-02-08 10:01:36.827
490,LL Nipple,NI-4127,False,False,Unknown,1000,750,0.0,0.0,N/A,Unknown,Unknown,-1.0,0,Not Specified,L ,Not Specified,Unknown,Unknown,2008-04-30,,2014-02-08 10:01:36.827
491,HL Nipple,NI-9522,False,False,Unknown,1000,750,0.0,0.0,N/A,Unknown,Unknown,-1.0,0,Not Specified,Not Specified,Not Specified,Unknown,Unknown,2008-04-30,,2014-02-08 10:01:36.827
492,Paint - Black,PA-187B,False,False,Unknown,60,45,0.0,0.0,N/A,Unknown,Unknown,-1.0,0,Not Specified,Not Specified,Not Specified,Unknown,Unknown,2008-04-30,,2014-02-08 10:01:36.827
493,Paint - Red,PA-361R,False,False,Unknown,60,45,0.0,0.0,N/A,Unknown,Unknown,-1.0,0,Not Specified,Not Specified,Not Specified,Unknown,Unknown,2008-04-30,,2014-02-08 10:01:36.827
494,Paint - Silver,PA-529S,False,False,Unknown,60,45,0.0,0.0,N/A,Unknown,Unknown,-1.0,0,Not Specified,Not Specified,Not Specified,Unknown,Unknown,2008-04-30,,2014-02-08 10:01:36.827
495,Paint - Blue,PA-632U,False,False,Unknown,60,45,0.0,0.0,N/A,Unknown,Unknown,-1.0,0,Not Specified,Not Specified,Not Specified,Unknown,Unknown,2008-04-30,,2014-02-08 10:01:36.827
496,Paint - Yellow,PA-823Y,False,False,Unknown,60,45,0.0,0.0,N/A,Unknown,Unknown,-1.0,0,Not Specified,Not Specified,Not Specified,Unknown,Unknown,2008-04-30,,2014-02-08 10:01:36.827
497,Pinch Bolt,PB-6109,False,False,Unknown,1000,750,0.0,0.0,N/A,Unknown,Unknown,-1.0,0,Not Specified,Not Specified,Not Specified,Unknown,Unknown,2008-04-30,,2014-02-08 10:01:36.827
504,Cup-Shaped Race,RA-2345,False,False,Unknown,1000,750,0.0,0.0,N/A,Unknown,Unknown,-1.0,0,Not Specified,Not Specified,Not Specified,Unknown,Unknown,2008-04-30,,2014-02-08 10:01:36.827
505,Cone-Shaped Race,RA-7490,False,False,Unknown,1000,750,0.0,0.0,N/A,Unknown,Unknown,-1.0,0,Not Specified,Not Specified,Not Specified,Unknown,Unknown,2008-04-30,,2014-02-08 10:01:36.827
506,Reflector,RF-9198,False,False,Unknown,1000,750,0.0,0.0,N/A,Unknown,Unknown,-1.0,0,Not Specified,Not Specified,Not Specified,Unknown,Unknown,2008-04-30,,2014-02-08 10:01:36.827
507,LL Mountain Rim,RM-M464,False,False,Unknown,800,600,0.0,0.0,N/A,Unknown,G  ,435.0,0,Not Specified,L ,Not Specified,Unknown,Unknown,2008-04-30,,2014-02-08 10:01:36.827
508,ML Mountain Rim,RM-M692,False,False,Unknown,800,600,0.0,0.0,N/A,Unknown,G  ,450.0,0,Not Specified,M ,Not Specified,Unknown,Unknown,2008-04-30,,2014-02-08 10:01:36.827
509,HL Mountain Rim,RM-M823,False,False,Unknown,800,600,0.0,0.0,N/A,Unknown,G  ,400.0,0,Not Specified,Not Specified,Not Specified,Unknown,Unknown,2008-04-30,,2014-02-08 10:01:36.827
510,LL Road Rim,RM-R436,False,False,Unknown,800,600,0.0,0.0,N/A,Unknown,G  ,445.0,0,Not Specified,L ,Not Specified,Unknown,Unknown,2008-04-30,,2014-02-08 10:01:36.827
511,ML Road Rim,RM-R600,False,False,Unknown,800,600,0.0,0.0,N/A,Unknown,G  ,450.0,0,Not Specified,M ,Not Specified,Unknown,Unknown,2008-04-30,,2014-02-08 10:01:36.827
512,HL Road Rim,RM-R800,False,False,Unknown,800,600,0.0,0.0,N/A,Unknown,G  ,400.0,0,Not Specified,Not Specified,Not Specified,Unknown,Unknown,2008-04-30,,2014-02-08 10:01:36.827
513,Touring Rim,RM-T801,False,False,Unknown,800,600,0.0,0.0,N/A,Unknown,G  ,460.0,0,Not Specified,Not Specified,Not Specified,Unknown,Unknown,2008-04-30,,2014-02-08 10:01:36.827
514,LL Mountain Seat Assembly,SA-M198,True,False,Unknown,500,375,98.77,133.34,N/A,Unknown,Unknown,-1.0,1,Not Specified,L ,Not Specified,Unknown,Unknown,2008-04-30,,2014-02-08 10:01:36.827
515,ML Mountain Seat Assembly,SA-M237,True,False,Unknown,500,375,108.99,147.14,N/A,Unknown,Unknown,-1.0,1,Not Specified,M ,Not Specified,Unknown,Unknown,2008-04-30,,2014-02-08 10:01:36.827
516,HL Mountain Seat Assembly,SA-M687,True,False,Unknown,500,375,145.87,196.92,N/A,Unknown,Unknown,-1.0,1,Not Specified,Not Specified,Not Specified,Unknown,Unknown,2008-04-30,,2014-02-08 10:01:36.827
517,LL Road Seat Assembly,SA-R127,True,False,Unknown,500,375,98.77,133.34,N/A,Unknown,Unknown,-1.0,1,Not Specified,L ,Not Specified,Unknown,Unknown,2008-04-30,,2014-02-08 10:01:36.827
518,ML Road Seat Assembly,SA-R430,True,False,Unknown,500,375,108.99,147.14,N/A,Unknown,Unknown,-1.0,1,Not Specified,M ,Not Specified,Unknown,Unknown,2008-04-30,,2014-02-08 10:01:36.827
519,HL Road Seat Assembly,SA-R522,True,False,Unknown,500,375,145.87,196.92,N/A,Unknown,Unknown,-1.0,1,Not Specified,Not Specified,Not Specified,Unknown,Unknown,2008-04-30,,2014-02-08 10:01:36.827
520,LL Touring Seat Assembly,SA-T467,True,False,Unknown,500,375,98.77,133.34,N/A,Unknown,Unknown,-1.0,1,Not Specified,L ,Not Specified,Unknown,Unknown,2008-04-30,,2014-02-08 10:01:36.827
521,ML Touring Seat Assembly,SA-T612,True,False,Unknown,500,375,108.99,147.14,N/A,Unknown,Unknown,-1.0,1,Not Specified,M ,Not Specified,Unknown,Unknown,2008-04-30,,2014-02-08 10:01:36.827
522,HL Touring Seat Assembly,SA-T872,True,False,Unknown,500,375,145.87,196.92,N/A,Unknown,Unknown,-1.0,1,Not Specified,Not Specified,Not Specified,Unknown,Unknown,2008-04-30,,2014-02-08 10:01:36.827
523,LL Spindle/Axle,SD-2342,False,False,Unknown,500,375,0.0,0.0,N/A,Unknown,Unknown,-1.0,0,Not Specified,L ,Not Specified,Unknown,Unknown,2008-04-30,,2014-02-08 10:01:36.827
524,HL Spindle/Axle,SD-9872,False,False,Unknown,500,375,0.0,0.0,N/A,Unknown,Unknown,-1.0,0,Not Specified,Not Specified,Not Specified,Unknown,Unknown,2008-04-30,,2014-02-08 10:01:36.827
525,LL Shell,SH-4562,False,False,Unknown,800,600,0.0,0.0,N/A,Unknown,Unknown,-1.0,0,Not Specified,L ,Not Specified,Unknown,Unknown,2008-04-30,,2014-02-08 10:01:36.827
526,HL Shell,SH-9312,False,False,Unknown,800,600,0.0,0.0,N/A,Unknown,Unknown,-1.0,0,Not Specified,Not Specified,Not Specified,Unknown,Unknown,2008-04-30,,2014-02-08 10:01:36.827
527,Spokes,SK-9283,False,False,Unknown,1000,750,0.0,0.0,N/A,Unknown,Unknown,-1.0,0,Not Specified,Not Specified,Not Specified,Unknown,Unknown,2008-04-30,,2014-02-08 10:01:36.827
528,Seat Lug,SL-0931,False,False,Unknown,1000,750,0.0,0.0,N/A,Unknown,Unknown,-1.0,0,Not Specified,Not Specified,Not Specified,Unknown,Unknown,2008-04-30,,2014-02-08 10:01:36.827
529,Stem,SM-9087,True,False,Unknown,500,375,0.0,0.0,N/A,Unknown,Unknown,-1.0,1,Not Specified,Not Specified,Not Specified,Unknown,Unknown,2008-04-30,,2014-02-08 10:01:36.827
530,Seat Post,SP-2981,False,False,Unknown,500,375,0.0,0.0,N/A,Unknown,Unknown,-1.0,0,Not Specified,Not Specified,Not Specified,Unknown,Unknown,2008-04-30,,2014-02-08 10:01:36.827
531,Steerer,SR-2098,True,False,Unknown,500,375,0.0,0.0,N/A,Unknown,Unknown,-1.0,1,Not Specified,Not Specified,Not Specified,Unknown,Unknown,2008-04-30,,2014-02-08 10:01:36.827
532,Seat Stays,SS-2985,True,False,Unknown,800,600,0.0,0.0,N/A,Unknown,Unknown,-1.0,1,Not Specified,Not Specified,Not Specified,Unknown,Unknown,2008-04-30,,2014-02-08 10:01:36.827
533,Seat Tube,ST-9828,True,False,Unknown,500,375,0.0,0.0,N/A,Unknown,Unknown,-1.0,1,Not Specified,Not Specified,Not Specified,Unknown,Unknown,2008-04-30,,2014-02-08 10:01:36.827
534,Top Tube,TO-2301,True,False,Unknown,500,375,0.0,0.0,N/A,Unknown,Unknown,-1.0,1,Not Specified,Not Specified,Not Specified,Unknown,Unknown,2008-04-30,,2014-02-08 10:01:36.827
535,Tension Pulley,TP-0923,False,False,Unknown,800,600,0.0,0.0,N/A,Unknown,Unknown,-1.0,0,Not Specified,Not Specified,Not Specified,Unknown,Unknown,2008-04-30,,2014-02-08 10:01:36.827
679,Rear Derailleur Cage,RC-0291,False,False,Silver,500,375,0.0,0.0,N/A,Unknown,Unknown,-1.0,0,Not Specified,Not Specified,Not Specified,Unknown,Unknown,2008-04-30,,2014-02-08 10:01:36.827
680,"HL Road Frame - Black, 58",FR-R92B-58,True,True,Black,500,375,1059.31,1431.5,58,CM ,LB ,2.24,1,R ,H ,U ,14,6,2008-04-30,,2014-02-08 10:01:36.827
706,"HL Road Frame - Red, 58",FR-R92R-58,True,True,Red,500,375,1059.31,1431.5,58,CM ,LB ,2.24,1,R ,H ,U ,14,6,2008-04-30,,2014-02-08 10:01:36.827
707,"Sport-100 Helmet, Red",HL-U509-R,False,True,Red,4,3,13.0863,34.99,N/A,Unknown,Unknown,-1.0,0,S ,Not Specified,Not Specified,31,33,2011-05-31,,2014-02-08 10:01:36.827
708,"Sport-100 Helmet, Black",HL-U509,False,True,Black,4,3,13.0863,34.99,N/A,Unknown,Unknown,-1.0,0,S ,Not Specified,Not Specified,31,33,2011-05-31,,2014-02-08 10:01:36.827
709,"Mountain Bike Socks, M",SO-B909-M,False,True,White,4,3,3.3963,9.5,M,Unknown,Unknown,-1.0,0,M ,Not Specified,U ,23,18,2011-05-31,2012-05-29,2014-02-08 10:01:36.827
710,"Mountain Bike Socks, L",SO-B909-L,False,True,White,4,3,3.3963,9.5,L,Unknown,Unknown,-1.0,0,M ,Not Specified,U ,23,18,2011-05-31,2012-05-29,2014-02-08 10:01:36.827
711,"Sport-100 Helmet, Blue",HL-U509-B,False,True,Blue,4,3,13.0863,34.99,N/A,Unknown,Unknown,-1.0,0,S ,Not Specified,Not Specified,31,33,2011-05-31,,2014-02-08 10:01:36.827
712,AWC Logo Cap,CA-1098,False,True,Multi,4,3,6.9223,8.99,N/A,Unknown,Unknown,-1.0,0,S ,Not Specified,U ,19,2,2011-05-31,,2014-02-08 10:01:36.827
713,"Long-Sleeve Logo Jersey, S",LJ-0192-S,False,True,Multi,4,3,38.4923,49.99,S,Unknown,Unknown,-1.0,0,S ,Not Specified,U ,21,11,2011-05-31,,2014-02-08 10:01:36.827
714,"Long-Sleeve Logo Jersey, M",LJ-0192-M,False,True,Multi,4,3,38.4923,49.99,M,Unknown,Unknown,-1.0,0,S ,Not Specified,U ,21,11,2011-05-31,,2014-02-08 10:01:36.827
715,"Long-Sleeve Logo Jersey, L",LJ-0192-L,False,True,Multi,4,3,38.4923,49.99,L,Unknown,Unknown,-1.0,0,S ,Not Specified,U ,21,11,2011-05-31,,2014-02-08 10:01:36.827
716,"Long-Sleeve Logo Jersey, XL",LJ-0192-X,False,True,Multi,4,3,38.4923,49.99,XL,Unknown,Unknown,-1.0,0,S ,Not Specified,U ,21,11,2011-05-31,,2014-02-08 10:01:36.827
717,"HL Road Frame - Red, 62",FR-R92R-62,True,True,Red,500,375,868.6342,1431.5,62,CM ,LB ,2.3,1,R ,H ,U ,14,6,2011-05-31,,2014-02-08 10:01:36.827
718,"HL Road Frame - Red, 44",FR-R92R-44,True,True,Red,500,375,868.6342,1431.5,44,CM ,LB ,2.12,1,R ,H ,U ,14,6,2011-05-31,,2014-02-08 10:01:36.827
719,"HL Road Frame - Red, 48",FR-R92R-48,True,True,Red,500,375,868.6342,1431.5,48,CM ,LB ,2.16,1,R ,H ,U ,14,6,2011-05-31,,2014-02-08 10:01:36.827
720,"HL Road Frame - Red, 52",FR-R92R-52,True,True,Red,500,375,868.6342,1431.5,52,CM ,LB ,2.2,1,R ,H ,U ,14,6,2011-05-31,,2014-02-08 10:01:36.827
721,"HL Road Frame - Red, 56",FR-R92R-56,True,True,Red,500,375,868.6342,1431.5,56,CM ,LB ,2.24,1,R ,H ,U ,14,6,2011-05-31,,2014-02-08 10:01:36.827
722,"LL Road Frame - Black, 58",FR-R38B-58,True,True,Black,500,375,204.6251,337.22,58,CM ,LB ,2.46,1,R ,L ,U ,14,9,2011-05-31,,2014-02-08 10:01:36.827
723,"LL Road Frame - Black, 60",FR-R38B-60,True,True,Black,500,375,204.6251,337.22,60,CM ,LB ,2.48,1,R ,L ,U ,14,9,2011-05-31,,2014-02-08 10:01:36.827
724,"LL Road Frame - Black, 62",FR-R38B-62,True,True,Black,500,375,204.6251,337.22,62,CM ,LB ,2.5,1,R ,L ,U ,14,9,2011-05-31,,2014-02-08 10:01:36.827
725,"LL Road Frame - Red, 44",FR-R38R-44,True,True,Red,500,375,187.1571,337.22,44,CM ,LB ,2.32,1,R ,L ,U ,14,9,2011-05-31,2013-05-29,2014-02-08 10:01:36.827
726,"LL Road Frame - Red, 48",FR-R38R-48,True,True,Red,500,375,187.1571,337.22,48,CM ,LB ,2.36,1,R ,L ,U ,14,9,2011-05-31,2013-05-29,2014-02-08 10:01:36.827
727,"LL Road Frame - Red, 52",FR-R38R-52,True,True,Red,500,375,187.1571,337.22,52,CM ,LB ,2.4,1,R ,L ,U ,14,9,2011-05-31,2013-05-29,2014-02-08 10:01:36.827
728,"LL Road Frame - Red, 58",FR-R38R-58,True,True,Red,500,375,187.1571,337.22,58,CM ,LB ,2.46,1,R ,L ,U ,14,9,2011-05-31,2013-05-29,2014-02-08 10:01:36.827
729,"LL Road Frame - Red, 60",FR-R38R-60,True,True,Red,500,375,187.1571,337.22,60,CM ,LB ,2.48,1,R ,L ,U ,14,9,2011-05-31,2013-05-29,2014-02-08 10:01:36.827
730,"LL Road Frame - Red, 62",FR-R38R-62,True,True,Red,500,375,187.1571,337.22,62,CM ,LB ,2.5,1,R ,L ,U ,14,9,2011-05-31,2013-05-29,2014-02-08 10:01:36.827
731,"ML Road Frame - Red, 44",FR-R72R-44,True,True,Red,500,375,352.1394,594.83,44,CM ,LB ,2.22,1,R ,M ,U ,14,16,2011-05-31,2012-05-29,2014-02-08 10:01:36.827
732,"ML Road Frame - Red, 48",FR-R72R-48,True,True,Red,500,375,352.1394,594.83,48,CM ,LB ,2.26,1,R ,M ,U ,14,16,2011-05-31,2012-05-29,2014-02-08 10:01:36.827
733,"ML Road Frame - Red, 52",FR-R72R-52,True,True,Red,500,375,352.1394,594.83,52,CM ,LB ,2.3,1,R ,M ,U ,14,16,2011-05-31,2012-05-29,2014-02-08 10:01:36.827
734,"ML Road Frame - Red, 58",FR-R72R-58,True,True,Red,500,375,352.1394,594.83,58,CM ,LB ,2.36,1,R ,M ,U ,14,16,2011-05-31,2012-05-29,2014-02-08 10:01:36.827
735,"ML Road Frame - Red, 60",FR-R72R-60,True,True,Red,500,375,352.1394,594.83,60,CM ,LB ,2.38,1,R ,M ,U ,14,16,2011-05-31,2012-05-29,2014-02-08 10:01:36.827
736,"LL Road Frame - Black, 44",FR-R38B-44,True,True,Black,500,375,204.6251,337.22,44,CM ,LB ,2.32,1,R ,L ,U ,14,9,2011-05-31,,2014-02-08 10:01:36.827
737,"LL Road Frame - Black, 48",FR-R38B-48,True,True,Black,500,375,204.6251,337.22,48,CM ,LB ,2.36,1,R ,L ,U ,14,9,2011-05-31,,2014-02-08 10:01:36.827
738,"LL Road Frame - Black, 52",FR-R38B-52,True,True,Black,500,375,204.6251,337.22,52,CM ,LB ,2.4,1,R ,L ,U ,14,9,2011-05-31,,2014-02-08 10:01:36.827
739,"HL Mountain Frame - Silver, 42",FR-M94S-42,True,True,Silver,500,375,747.2002,1364.5,42,CM ,LB ,2.72,1,M ,H ,U ,12,5,2011-05-31,,2014-02-08 10:01:36.827
740,"HL Mountain Frame - Silver, 44",FR-M94S-44,True,True,Silver,500,375,706.811,1364.5,44,CM ,LB ,2.76,1,M ,H ,U ,12,5,2011-05-31,2012-05-29,2014-02-08 10:01:36.827
741,"HL Mountain Frame - Silver, 48",FR-M94S-52,True,True,Silver,500,375,706.811,1364.5,48,CM ,LB ,2.8,1,M ,H ,U ,12,5,2011-05-31,2012-05-29,2014-02-08 10:01:36.827
742,"HL Mountain Frame - Silver, 46",FR-M94S-46,True,True,Silver,500,375,747.2002,1364.5,46,CM ,LB ,2.84,1,M ,H ,U ,12,5,2011-05-31,,2014-02-08 10:01:36.827
743,"HL Mountain Frame - Black, 42",FR-M94B-42,True,True,Black,500,375,739.041,1349.6,42,CM ,LB ,2.72,1,M ,H ,U ,12,5,2011-05-31,,2014-02-08 10:01:36.827
744,"HL Mountain Frame - Black, 44",FR-M94B-44,True,True,Black,500,375,699.0928,1349.6,44,CM ,LB ,2.76,1,M ,H ,U ,12,5,2011-05-31,2012-05-29,2014-02-08 10:01:36.827
745,"HL Mountain Frame - Black, 48",FR-M94B-48,True,True,Black,500,375,699.0928,1349.6,48,CM ,LB ,2.8,1,M ,H ,U ,12,5,2011-05-31,2012-05-29,2014-02-08 10:01:36.827
746,"HL Mountain Frame - Black, 46",FR-M94B-46,True,True,Black,500,375,739.041,1349.6,46,CM ,LB ,2.84,1,M ,H ,U ,12,5,2011-05-31,,2014-02-08 10:01:36.827
747,"HL Mountain Frame - Black, 38",FR-M94B-38,True,True,Black,500,375,739.041,1349.6,38,CM ,LB ,2.68,2,M ,H ,U ,12,5,2011-05-31,,2014-02-08 10:01:36.827
748,"HL Mountain Frame - Silver, 38",FR-M94S-38,True,True,Silver,500,375,747.2002,1364.5,38,CM ,LB ,2.68,2,M ,H ,U ,12,5,2011-05-31,,2014-02-08 10:01:36.827
749,"Road-150 Red, 62",BK-R93R-62,True,True,Red,100,75,2171.2942,3578.27,62,CM ,LB ,15.0,4,R ,H ,U ,2,25,2011-05-31,2012-05-29,2014-02-08 10:01:36.827
750,"Road-150 Red, 44",BK-R93R-44,True,True,Red,100,75,2171.2942,3578.27,44,CM ,LB ,13.77,4,R ,H ,U ,2,25,2011-05-31,2012-05-29,2014-02-08 10:01:36.827
751,"Road-150 Red, 48",BK-R93R-48,True,True,Red,100,75,2171.2942,3578.27,48,CM ,LB ,14.13,4,R ,H ,U ,2,25,2011-05-31,2012-05-29,2014-02-08 10:01:36.827
752,"Road-150 Red, 52",BK-R93R-52,True,True,Red,100,75,2171.2942,3578.27,52,CM ,LB ,14.42,4,R ,H ,U ,2,25,2011-05-31,2012-05-29,2014-02-08 10:01:36.827
753,"Road-150 Red, 56",BK-R93R-56,True,True,Red,100,75,2171.2942,3578.27,56,CM ,LB ,14.68,4,R ,H ,U ,2,25,2011-05-31,2012-05-29,2014-02-08 10:01:36.827
754,"Road-450 Red, 58",BK-R68R-58,True,True,Red,100,75,884.7083,1457.99,58,CM ,LB ,17.79,4,R ,M ,U ,2,28,2011-05-31,2012-05-29,2014-02-08 10:01:36.827
755,"Road-450 Red, 60",BK-R68R-60,True,True,Red,100,75,884.7083,1457.99,60,CM ,LB ,17.9,4,R ,M ,U ,2,28,2011-05-31,2012-05-29,2014-02-08 10:01:36.827
756,"Road-450 Red, 44",BK-R68R-44,True,True,Red,100,75,884.7083,1457.99,44,CM ,LB ,16.77,4,R ,M ,U ,2,28,2011-05-31,2012-05-29,2014-02-08 10:01:36.827
757,"Road-450 Red, 48",BK-R68R-48,True,True,Red,100,75,884.7083,1457.99,48,CM ,LB ,17.13,4,R ,M ,U ,2,28,2011-05-31,2012-05-29,2014-02-08 10:01:36.827
758,"Road-450 Red, 52",BK-R68R-52,True,True,Red,100,75,884.7083,1457.99,52,CM ,LB ,17.42,4,R ,M ,U ,2,28,2011-05-31,2012-05-29,2014-02-08 10:01:36.827
759,"Road-650 Red, 58",BK-R50R-58,True,True,Red,100,75,486.7066,782.99,58,CM ,LB ,19.79,4,R ,L ,U ,2,30,2011-05-31,2013-05-29,2014-02-08 10:01:36.827
760,"Road-650 Red, 60",BK-R50R-60,True,True,Red,100,75,486.7066,782.99,60,CM ,LB ,19.9,4,R ,L ,U ,2,30,2011-05-31,2013-05-29,2014-02-08 10:01:36.827
761,"Road-650 Red, 62",BK-R50R-62,True,True,Red,100,75,486.7066,782.99,62,CM ,LB ,20.0,4,R ,L ,U ,2,30,2011-05-31,2013-05-29,2014-02-08 10:01:36.827
762,"Road-650 Red, 44",BK-R50R-44,True,True,Red,100,75,486.7066,782.99,44,CM ,LB ,18.77,4,R ,L ,U ,2,30,2011-05-31,2013-05-29,2014-02-08 10:01:36.827
763,"Road-650 Red, 48",BK-R50R-48,True,True,Red,100,75,486.7066,782.99,48,CM ,LB ,19.13,4,R ,L ,U ,2,30,2011-05-31,2013-05-29,2014-02-08 10:01:36.827
764,"Road-650 Red, 52",BK-R50R-52,True,True,Red,100,75,486.7066,782.99,52,CM ,LB ,19.42,4,R ,L ,U ,2,30,2011-05-31,2013-05-29,2014-02-08 10:01:36.827
765,"Road-650 Black, 58",BK-R50B-58,True,True,Black,100,75,486.7066,782.99,58,CM ,LB ,19.79,4,R ,L ,U ,2,30,2011-05-31,2013-05-29,2014-02-08 10:01:36.827
766,"Road-650 Black, 60",BK-R50B-60,True,True,Black,100,75,486.7066,782.99,60,CM ,LB ,19.9,4,R ,L ,U ,2,30,2011-05-31,2013-05-29,2014-02-08 10:01:36.827
767,"Road-650 Black, 62",BK-R50B-62,True,True,Black,100,75,486.7066,782.99,62,CM ,LB ,20.0,4,R ,L ,U ,2,30,2011-05-31,2013-05-29,2014-02-08 10:01:36.827
768,"Road-650 Black, 44",BK-R50B-44,True,True,Black,100,75,486.7066,782.99,44,CM ,LB ,18.77,4,R ,L ,U ,2,30,2011-05-31,2013-05-29,2014-02-08 10:01:36.827
769,"Road-650 Black, 48",BK-R50B-48,True,True,Black,100,75,486.7066,782.99,48,CM ,LB ,19.13,4,R ,L ,U ,2,30,2011-05-31,2013-05-29,2014-02-08 10:01:36.827
770,"Road-650 Black, 52",BK-R50B-52,True,True,Black,100,75,486.7066,782.99,52,CM ,LB ,19.42,4,R ,L ,U ,2,30,2011-05-31,2013-05-29,2014-02-08 10:01:36.827
771,"Mountain-100 Silver, 38",BK-M82S-38,True,True,Silver,100,75,1912.1544,3399.99,38,CM ,LB ,20.35,4,M ,H ,U ,1,19,2011-05-31,2012-05-29,2014-02-08 10:01:36.827
772,"Mountain-100 Silver, 42",BK-M82S-42,True,True,Silver,100,75,1912.1544,3399.99,42,CM ,LB ,20.77,4,M ,H ,U ,1,19,2011-05-31,2012-05-29,2014-02-08 10:01:36.827
773,"Mountain-100 Silver, 44",BK-M82S-44,True,True,Silver,100,75,1912.1544,3399.99,44,CM ,LB ,21.13,4,M ,H ,U ,1,19,2011-05-31,2012-05-29,2014-02-08 10:01:36.827
774,"Mountain-100 Silver, 48",BK-M82S-48,True,True,Silver,100,75,1912.1544,3399.99,48,CM ,LB ,21.42,4,M ,H ,U ,1,19,2011-05-31,2012-05-29,2014-02-08 10:01:36.827
775,"Mountain-100 Black, 38",BK-M82B-38,True,True,Black,100,75,1898.0944,3374.99,38,CM ,LB ,20.35,4,M ,H ,U ,1,19,2011-05-31,2012-05-29,2014-02-08 10:01:36.827
776,"Mountain-100 Black, 42",BK-M82B-42,True,True,Black,100,75,1898.0944,3374.99,42,CM ,LB ,20.77,4,M ,H ,U ,1,19,2011-05-31,2012-05-29,2014-02-08 10:01:36.827
777,"Mountain-100 Black, 44",BK-M82B-44,True,True,Black,100,75,1898.0944,3374.99,44,CM ,LB ,21.13,4,M ,H ,U ,1,19,2011-05-31,2012-05-29,2014-02-08 10:01:36.827
778,"Mountain-100 Black, 48",BK-M82B-48,True,True,Black,100,75,1898.0944,3374.99,48,CM ,LB ,21.42,4,M ,H ,U ,1,19,2011-05-31,2012-05-29,2014-02-08 10:01:36.827
779,"Mountain-200 Silver, 38",BK-M68S-38,True,True,Silver,100,75,1265.6195,2319.99,38,CM ,LB ,23.35,4,M ,H ,U ,1,20,2012-05-30,,2014-02-08 10:01:36.827
780,"Mountain-200 Silver, 42",BK-M68S-42,True,True,Silver,100,75,1265.6195,2319.99,42,CM ,LB ,23.77,4,M ,H ,U ,1,20,2012-05-30,,2014-02-08 10:01:36.827
781,"Mountain-200 Silver, 46",BK-M68S-46,True,True,Silver,100,75,1265.6195,2319.99,46,CM ,LB ,24.13,4,M ,H ,U ,1,20,2012-05-30,,2014-02-08 10:01:36.827
782,"Mountain-200 Black, 38",BK-M68B-38,True,True,Black,100,75,1251.9813,2294.99,38,CM ,LB ,23.35,4,M ,H ,U ,1,20,2012-05-30,,2014-02-08 10:01:36.827
783,"Mountain-200 Black, 42",BK-M68B-42,True,True,Black,100,75,1251.9813,2294.99,42,CM ,LB ,23.77,4,M ,H ,U ,1,20,2012-05-30,,2014-02-08 10:01:36.827
784,"Mountain-200 Black, 46",BK-M68B-46,True,True,Black,100,75,1251.9813,2294.99,46,CM ,LB ,24.13,4,M ,H ,U ,1,20,2012-05-30,,2014-02-08 10:01:36.827
785,"Mountain-300 Black, 38",BK-M47B-38,True,True,Black,100,75,598.4354,1079.99,38,CM ,LB ,25.35,4,M ,M ,U ,1,21,2012-05-30,2013-05-29,2014-02-08 10:01:36.827
786,"Mountain-300 Black, 40",BK-M47B-40,True,True,Black,100,75,598.4354,1079.99,40,CM ,LB ,25.77,4,M ,M ,U ,1,21,2012-05-30,2013-05-29,2014-02-08 10:01:36.827
787,"Mountain-300 Black, 44",BK-M47B-44,True,True,Black,100,75,598.4354,1079.99,44,CM ,LB ,26.13,4,M ,M ,U ,1,21,2012-05-30,2013-05-29,2014-02-08 10:01:36.827
788,"Mountain-300 Black, 48",BK-M47B-48,True,True,Black,100,75,598.4354,1079.99,48,CM ,LB ,26.42,4,M ,M ,U ,1,21,2012-05-30,2013-05-29,2014-02-08 10:01:36.827
789,"Road-250 Red, 44",BK-R89R-44,True,True,Red,100,75,1518.7864,2443.35,44,CM ,LB ,14.77,4,R ,H ,U ,2,26,2012-05-30,2013-05-29,2014-02-08 10:01:36.827
790,"Road-250 Red, 48",BK-R89R-48,True,True,Red,100,75,1518.7864,2443.35,48,CM ,LB ,15.13,4,R ,H ,U ,2,26,2012-05-30,2013-05-29,2014-02-08 10:01:36.827
791,"Road-250 Red, 52",BK-R89R-52,True,True,Red,100,75,1518.7864,2443.35,52,CM ,LB ,15.42,4,R ,H ,U ,2,26,2012-05-30,2013-05-29,2014-02-08 10:01:36.827
792,"Road-250 Red, 58",BK-R89R-58,True,True,Red,100,75,1554.9479,2443.35,58,CM ,LB ,15.79,4,R ,H ,U ,2,26,2012-05-30,,2014-02-08 10:01:36.827
793,"Road-250 Black, 44",BK-R89B-44,True,True,Black,100,75,1554.9479,2443.35,44,CM ,LB ,14.77,4,R ,H ,U ,2,26,2012-05-30,,2014-02-08 10:01:36.827
794,"Road-250 Black, 48",BK-R89B-48,True,True,Black,100,75,1554.9479,2443.35,48,CM ,LB ,15.13,4,R ,H ,U ,2,26,2012-05-30,,2014-02-08 10:01:36.827
795,"Road-250 Black, 52",BK-R89B-52,True,True,Black,100,75,1554.9479,2443.35,52,CM ,LB ,15.42,4,R ,H ,U ,2,26,2012-05-30,,2014-02-08 10:01:36.827
796,"Road-250 Black, 58",BK-R89B-58,True,True,Black,100,75,1554.9479,2443.35,58,CM ,LB ,15.68,4,R ,H ,U ,2,26,2012-05-30,,2014-02-08 10:01:36.827
797,"Road-550-W Yellow, 38",BK-R64Y-38,True,True,Yellow,100,75,713.0798,1120.49,38,CM ,LB ,17.35,4,R ,M ,W ,2,29,2012-05-30,,2014-02-08 10:01:36.827
798,"Road-550-W Yellow, 40",BK-R64Y-40,True,True,Yellow,100,75,713.0798,1120.49,40,CM ,LB ,17.77,4,R ,M ,W ,2,29,2012-05-30,,2014-02-08 10:01:36.827
799,"Road-550-W Yellow, 42",BK-R64Y-42,True,True,Yellow,100,75,713.0798,1120.49,42,CM ,LB ,18.13,4,R ,M ,W ,2,29,2012-05-30,,2014-02-08 10:01:36.827
800,"Road-550-W Yellow, 44",BK-R64Y-44,True,True,Yellow,100,75,713.0798,1120.49,44,CM ,LB ,18.42,4,R ,M ,W ,2,29,2012-05-30,,2014-02-08 10:01:36.827
801,"Road-550-W Yellow, 48",BK-R64Y-48,True,True,Yellow,100,75,713.0798,1120.49,48,CM ,LB ,18.68,4,R ,M ,W ,2,29,2012-05-30,,2014-02-08 10:01:36.827
802,LL Fork,FK-1639,True,True,Unknown,500,375,65.8097,148.22,N/A,Unknown,Unknown,-1.0,1,Not Specified,L ,Not Specified,10,104,2012-05-30,2013-05-29,2014-02-08 10:01:36.827
803,ML Fork,FK-5136,True,True,Unknown,500,375,77.9176,175.49,N/A,Unknown,Unknown,-1.0,1,Not Specified,M ,Not Specified,10,105,2012-05-30,2013-05-29,2014-02-08 10:01:36.827
804,HL Fork,FK-9939,True,True,Unknown,500,375,101.8936,229.49,N/A,Unknown,Unknown,-1.0,1,Not Specified,H ,Not Specified,10,106,2012-05-30,2013-05-29,2014-02-08 10:01:36.827
805,LL Headset,HS-0296,True,True,Unknown,500,375,15.1848,34.2,N/A,Unknown,Unknown,-1.0,1,Not Specified,L ,Not Specified,11,59,2012-05-30,2013-05-29,2014-02-08 10:01:36.827
806,ML Headset,HS-2451,True,True,Unknown,500,375,45.4168,102.29,N/A,Unknown,Unknown,-1.0,1,Not Specified,M ,Not Specified,11,60,2012-05-30,2013-05-29,2014-02-08 10:01:36.827
807,HL Headset,HS-3479,True,True,Unknown,500,375,55.3801,124.73,N/A,Unknown,Unknown,-1.0,1,Not Specified,H ,Not Specified,11,61,2012-05-30,2013-05-29,2014-02-08 10:01:36.827
808,LL Mountain Handlebars,HB-M243,True,True,Unknown,500,375,19.7758,44.54,N/A,Unknown,Unknown,-1.0,1,M ,L ,Not Specified,4,52,2012-05-30,,2014-02-08 10:01:36.827
809,ML Mountain Handlebars,HB-M763,True,True,Unknown,500,375,27.4925,61.92,N/A,Unknown,Unknown,-1.0,1,M ,M ,Not Specified,4,54,2012-05-30,,2014-02-08 10:01:36.827
810,HL Mountain Handlebars,HB-M918,True,True,Unknown,500,375,53.3999,120.27,N/A,Unknown,Unknown,-1.0,1,M ,H ,Not Specified,4,55,2012-05-30,,2014-02-08 10:01:36.827
811,LL Road Handlebars,HB-R504,True,True,Unknown,500,375,19.7758,44.54,N/A,Unknown,Unknown,-1.0,1,R ,L ,Not Specified,4,56,2012-05-30,,2014-02-08 10:01:36.827
812,ML Road Handlebars,HB-R720,True,True,Unknown,500,375,27.4925,61.92,N/A,Unknown,Unknown,-1.0,1,R ,M ,Not Specified,4,57,2012-05-30,,2014-02-08 10:01:36.827
813,HL Road Handlebars,HB-R956,True,True,Unknown,500,375,53.3999,120.27,N/A,Unknown,Unknown,-1.0,1,R ,H ,Not Specified,4,58,2012-05-30,,2014-02-08 10:01:36.827
814,"ML Mountain Frame - Black, 38",FR-M63B-38,True,True,Black,500,375,185.8193,348.76,38,CM ,LB ,2.73,2,M ,M ,U ,12,15,2012-05-30,2013-05-29,2014-02-08 10:01:36.827
815,LL Mountain Front Wheel,FW-M423,True,True,Black,500,375,26.9708,60.745,N/A,Unknown,Unknown,-1.0,1,M ,L ,Not Specified,17,42,2012-05-30,2013-05-29,2014-02-08 10:01:36.827
816,ML Mountain Front Wheel,FW-M762,True,True,Black,500,375,92.8071,209.025,N/A,Unknown,Unknown,-1.0,1,M ,M ,Not Specified,17,45,2012-05-30,2013-05-29,2014-02-08 10:01:36.827
817,HL Mountain Front Wheel,FW-M928,True,True,Black,500,375,133.2955,300.215,N/A,Unknown,Unknown,-1.0,1,M ,H ,Not Specified,17,46,2012-05-30,2013-05-29,2014-02-08 10:01:36.827
818,LL Road Front Wheel,FW-R623,True,True,Black,500,375,37.9909,85.565,N/A,Unknown,G  ,900.0,1,R ,L ,Not Specified,17,49,2012-05-30,2013-05-29,2014-02-08 10:01:36.827
819,ML Road Front Wheel,FW-R762,True,True,Black,500,375,110.2829,248.385,N/A,Unknown,G  ,850.0,1,R ,M ,Not Specified,17,50,2012-05-30,2013-05-29,2014-02-08 10:01:36.827
820,HL Road Front Wheel,FW-R820,True,True,Black,500,375,146.5466,330.06,N/A,Unknown,G  ,650.0,1,R ,H ,Not Specified,17,51,2012-05-30,2013-05-29,2014-02-08 10:01:36.827
821,Touring Front Wheel,FW-T905,True,True,Black,500,375,96.7964,218.01,N/A,Unknown,Unknown,-1.0,1,T ,Not Specified,Not Specified,17,44,2012-05-30,2013-05-29,2014-02-08 10:01:36.827
822,"ML Road Frame-W - Yellow, 38",FR-R72Y-38,True,True,Yellow,500,375,360.9428,594.83,38,CM ,LB ,2.18,2,R ,M ,W ,14,17,2012-05-30,,2014-02-08 10:01:36.827
823,LL Mountain Rear Wheel,RW-M423,True,True,Black,500,375,38.9588,87.745,N/A,Unknown,Unknown,-1.0,1,M ,L ,Not Specified,17,123,2012-05-30,2013-05-29,2014-02-08 10:01:36.827
824,ML Mountain Rear Wheel,RW-M762,True,True,Black,500,375,104.7951,236.025,N/A,Unknown,Unknown,-1.0,1,M ,M ,Not Specified,17,124,2012-05-30,2013-05-29,2014-02-08 10:01:36.827
825,HL Mountain Rear Wheel,RW-M928,True,True,Black,500,375,145.2835,327.215,N/A,Unknown,Unknown,-1.0,1,M ,H ,Not Specified,17,125,2012-05-30,2013-05-29,2014-02-08 10:01:36.827
826,LL Road Rear Wheel,RW-R623,True,True,Black,500,375,49.9789,112.565,N/A,Unknown,G  ,1050.0,1,R ,L ,Not Specified,17,126,2012-05-30,2013-05-29,2014-02-08 10:01:36.827
827,ML Road Rear Wheel,RW-R762,True,True,Black,500,375,122.2709,275.385,N/A,Unknown,G  ,1000.0,1,R ,M ,Not Specified,17,77,2012-05-30,2013-05-29,2014-02-08 10:01:36.827
828,HL Road Rear Wheel,RW-R820,True,True,Black,500,375,158.5346,357.06,N/A,Unknown,G  ,890.0,1,R ,H ,Not Specified,17,78,2012-05-30,2013-05-29,2014-02-08 10:01:36.827
829,Touring Rear Wheel,RW-T905,True,True,Black,500,375,108.7844,245.01,N/A,Unknown,Unknown,-1.0,1,T ,Not Specified,Not Specified,17,43,2012-05-30,2013-05-29,2014-02-08 10:01:36.827
830,"ML Mountain Frame - Black, 40",FR-M63B-40,True,True,Black,500,375,185.8193,348.76,40,CM ,LB ,2.77,1,M ,M ,U ,12,14,2012-05-30,2013-05-29,2014-02-08 10:01:36.827
831,"ML Mountain Frame - Black, 44",FR-M63B-44,True,True,Black,500,375,185.8193,348.76,44,CM ,LB ,2.81,1,M ,M ,U ,12,14,2012-05-30,2013-05-29,2014-02-08 10:01:36.827
832,"ML Mountain Frame - Black, 48",FR-M63B-48,True,True,Black,500,375,185.8193,348.76,48,CM ,LB ,2.85,1,M ,M ,U ,12,14,2012-05-30,2013-05-29,2014-02-08 10:01:36.827
833,"ML Road Frame-W - Yellow, 40",FR-R72Y-40,True,True,Yellow,500,375,360.9428,594.83,40,CM ,LB ,2.22,1,R ,M ,W ,14,17,2012-05-30,,2014-02-08 10:01:36.827
834,"ML Road Frame-W - Yellow, 42",FR-R72Y-42,True,True,Yellow,500,375,360.9428,594.83,42,CM ,LB ,2.26,1,R ,M ,W ,14,17,2012-05-30,,2014-02-08 10:01:36.827
835,"ML Road Frame-W - Yellow, 44",FR-R72Y-44,True,True,Yellow,500,375,360.9428,594.83,44,CM ,LB ,2.3,1,R ,M ,W ,14,17,2012-05-30,,2014-02-08 10:01:36.827
836,"ML Road Frame-W - Yellow, 48",FR-R72Y-48,True,True,Yellow,500,375,360.9428,594.83,48,CM ,LB ,2.34,1,R ,M ,W ,14,17,2012-05-30,,2014-02-08 10:01:36.827
837,"HL Road Frame - Black, 62",FR-R92B-62,True,True,Black,500,375,868.6342,1431.5,62,CM ,LB ,2.3,1,R ,H ,U ,14,6,2012-05-30,,2014-02-08 10:01:36.827
838,"HL Road Frame - Black, 44",FR-R92B-44,True,True,Black,500,375,868.6342,1431.5,44,CM ,LB ,2.12,1,R ,H ,U ,14,6,2012-05-30,,2014-02-08 10:01:36.827
839,"HL Road Frame - Black, 48",FR-R92B-48,True,True,Black,500,375,868.6342,1431.5,48,CM ,LB ,2.16,1,R ,H ,U ,14,6,2012-05-30,,2014-02-08 10:01:36.827
840,"HL Road Frame - Black, 52",FR-R92B-52,True,True,Black,500,375,868.6342,1431.5,52,CM ,LB ,2.2,1,R ,H ,U ,14,6,2012-05-30,,2014-02-08 10:01:36.827
841,"Men's Sports Shorts, S",SH-M897-S,False,True,Black,4,3,24.7459,59.99,S,Unknown,Unknown,-1.0,0,S ,Not Specified,M ,22,13,2012-05-30,2013-05-29,2014-02-08 10:01:36.827
842,"Touring-Panniers, Large",PA-T100,False,True,Grey,4,3,51.5625,125.0,N/A,Unknown,Unknown,-1.0,0,T ,Not Specified,Not Specified,35,120,2012-05-30,2013-05-29,2014-02-08 10:01:36.827
843,Cable Lock,LO-C100,False,True,Unknown,4,3,10.3125,25.0,N/A,Unknown,Unknown,-1.0,0,S ,Not Specified,Not Specified,34,115,2012-05-30,2013-05-29,2014-02-08 10:01:36.827
844,Minipump,PU-0452,False,True,Unknown,4,3,8.2459,19.99,N/A,Unknown,Unknown,-1.0,0,S ,Not Specified,Not Specified,36,116,2012-05-30,2013-05-29,2014-02-08 10:01:36.827
845,Mountain Pump,PU-M044,False,True,Unknown,4,3,10.3084,24.99,N/A,Unknown,Unknown,-1.0,0,M ,Not Specified,Not Specified,36,117,2012-05-30,2013-05-29,2014-02-08 10:01:36.827
846,Taillights - Battery-Powered,LT-T990,False,True,Unknown,4,3,5.7709,13.99,N/A,Unknown,Unknown,-1.0,0,R ,Not Specified,Not Specified,33,108,2012-05-30,2013-05-29,2014-02-08 10:01:36.827
847,Headlights - Dual-Beam,LT-H902,False,True,Unknown,4,3,14.4334,34.99,N/A,Unknown,Unknown,-1.0,0,R ,Not Specified,Not Specified,33,109,2012-05-30,2013-05-29,2014-02-08 10:01:36.827
848,Headlights - Weatherproof,LT-H903,False,True,Unknown,4,3,18.5584,44.99,N/A,Unknown,Unknown,-1.0,0,R ,Not Specified,Not Specified,33,110,2012-05-30,2013-05-29,2014-02-08 10:01:36.827
849,"Men's Sports Shorts, M",SH-M897-M,False,True,Black,4,3,24.7459,59.99,M,Unknown,Unknown,-1.0,0,S ,Not Specified,M ,22,13,2012-05-30,2013-05-29,2014-02-08 10:01:36.827
850,"Men's Sports Shorts, L",SH-M897-L,False,True,Black,4,3,24.7459,59.99,L,Unknown,Unknown,-1.0,0,S ,Not Specified,M ,22,13,2012-05-30,2013-05-29,2014-02-08 10:01:36.827
851,"Men's Sports Shorts, XL",SH-M897-X,False,True,Black,4,3,24.7459,59.99,XL,Unknown,Unknown,-1.0,0,S ,Not Specified,M ,22,13,2012-05-30,2013-05-29,2014-02-08 10:01:36.827
852,"Women's Tights, S",TG-W091-S,False,True,Black,4,3,30.9334,74.99,S,Unknown,Unknown,-1.0,0,S ,Not Specified,W ,24,38,2012-05-30,2013-05-29,2014-02-08 10:01:36.827
853,"Women's Tights, M",TG-W091-M,False,True,Black,4,3,30.9334,74.99,M,Unknown,Unknown,-1.0,0,S ,Not Specified,W ,24,38,2012-05-30,2013-05-29,2014-02-08 10:01:36.827
854,"Women's Tights, L",TG-W091-L,False,True,Black,4,3,30.9334,74.99,L,Unknown,Unknown,-1.0,0,S ,Not Specified,W ,24,38,2012-05-30,2013-05-29,2014-02-08 10:01:36.827
855,"Men's Bib-Shorts, S",SB-M891-S,False,True,Multi,4,3,37.1209,89.99,S,Unknown,Unknown,-1.0,0,S ,Not Specified,M ,18,12,2012-05-30,2013-05-29,2014-02-08 10:01:36.827
856,"Men's Bib-Shorts, M",SB-M891-M,False,True,Multi,4,3,37.1209,89.99,M,Unknown,Unknown,-1.0,0,S ,Not Specified,M ,18,12,2012-05-30,2013-05-29,2014-02-08 10:01:36.827
857,"Men's Bib-Shorts, L",SB-M891-L,False,True,Multi,4,3,37.1209,89.99,L,Unknown,Unknown,-1.0,0,S ,Not Specified,M ,18,12,2012-05-30,2013-05-29,2014-02-08 10:01:36.827
858,"Half-Finger Gloves, S",GL-H102-S,False,True,Black,4,3,9.1593,24.49,S,Unknown,Unknown,-1.0,0,S ,Not Specified,U ,20,4,2012-05-30,,2014-02-08 10:01:36.827
859,"Half-Finger Gloves, M",GL-H102-M,False,True,Black,4,3,9.1593,24.49,M,Unknown,Unknown,-1.0,0,S ,Not Specified,U ,20,4,2012-05-30,,2014-02-08 10:01:36.827
860,"Half-Finger Gloves, L",GL-H102-L,False,True,Black,4,3,9.1593,24.49,L,Unknown,Unknown,-1.0,0,S ,Not Specified,U ,20,4,2012-05-30,,2014-02-08 10:01:36.827
861,"Full-Finger Gloves, S",GL-F110-S,False,True,Black,4,3,15.6709,37.99,S,Unknown,Unknown,-1.0,0,M ,Not Specified,U ,20,3,2012-05-30,2013-05-29,2014-02-08 10:01:36.827
862,"Full-Finger Gloves, M",GL-F110-M,False,True,Black,4,3,15.6709,37.99,M,Unknown,Unknown,-1.0,0,M ,Not Specified,U ,20,3,2012-05-30,2013-05-29,2014-02-08 10:01:36.827
863,"Full-Finger Gloves, L",GL-F110-L,False,True,Black,4,3,15.6709,37.99,L,Unknown,Unknown,-1.0,0,M ,Not Specified,U ,20,3,2012-05-30,2013-05-29,2014-02-08 10:01:36.827
864,"Classic Vest, S",VE-C304-S,False,True,Blue,4,3,23.749,63.5,S,Unknown,Unknown,-1.0,0,S ,Not Specified,U ,25,1,2013-05-30,,2014-02-08 10:01:36.827
865,"Classic Vest, M",VE-C304-M,False,True,Blue,4,3,23.749,63.5,M,Unknown,Unknown,-1.0,0,S ,Not Specified,U ,25,1,2013-05-30,,2014-02-08 10:01:36.827
866,"Classic Vest, L",VE-C304-L,False,True,Blue,4,3,23.749,63.5,L,Unknown,Unknown,-1.0,0,S ,Not Specified,U ,25,1,2013-05-30,,2014-02-08 10:01:36.827
867,"Women's Mountain Shorts, S",SH-W890-S,False,True,Black,4,3,26.1763,69.99,S,Unknown,Unknown,-1.0,0,M ,Not Specified,W ,22,37,2013-05-30,,2014-02-08 10:01:36.827
868,"Women's Mountain Shorts, M",SH-W890-M,False,True,Black,4,3,26.1763,69.99,M,Unknown,Unknown,-1.0,0,M ,Not Specified,W ,22,37,2013-05-30,,2014-02-08 10:01:36.827
869,"Women's Mountain Shorts, L",SH-W890-L,False,True,Black,4,3,26.1763,69.99,L,Unknown,Unknown,-1.0,0,M ,Not Specified,W ,22,37,2013-05-30,,2014-02-08 10:01:36.827
870,Water Bottle - 30 oz.,WB-H098,False,True,Unknown,4,3,1.8663,4.99,N/A,Unknown,Unknown,-1.0,0,S ,Not Specified,Not Specified,28,111,2013-05-30,,2014-02-08 10:01:36.827
871,Mountain Bottle Cage,BC-M005,False,True,Unknown,4,3,3.7363,9.99,N/A,Unknown,Unknown,-1.0,0,M ,Not Specified,Not Specified,28,112,2013-05-30,,2014-02-08 10:01:36.827
872,Road Bottle Cage,BC-R205,False,True,Unknown,4,3,3.3623,8.99,N/A,Unknown,Unknown,-1.0,0,R ,Not Specified,Not Specified,28,113,2013-05-30,,2014-02-08 10:01:36.827
873,Patch Kit/8 Patches,PK-7098,False,True,Unknown,4,3,0.8565,2.29,N/A,Unknown,Unknown,-1.0,0,S ,Not Specified,Not Specified,37,114,2013-05-30,,2014-02-08 10:01:36.827
874,"Racing Socks, M",SO-R809-M,False,True,White,4,3,3.3623,8.99,M,Unknown,Unknown,-1.0,0,R ,Not Specified,U ,23,24,2013-05-30,,2014-02-08 10:01:36.827
875,"Racing Socks, L",SO-R809-L,False,True,White,4,3,3.3623,8.99,L,Unknown,Unknown,-1.0,0,R ,Not Specified,U ,23,24,2013-05-30,,2014-02-08 10:01:36.827
876,Hitch Rack - 4-Bike,RA-H123,False,True,Unknown,4,3,44.88,120.0,N/A,Unknown,Unknown,-1.0,0,S ,Not Specified,Not Specified,26,118,2013-05-30,,2014-02-08 10:01:36.827
877,Bike Wash - Dissolver,CL-9009,False,True,Unknown,4,3,2.9733,7.95,N/A,Unknown,Unknown,-1.0,0,S ,Not Specified,Not Specified,29,119,2013-05-30,,2014-02-08 10:01:36.827
878,Fender Set - Mountain,FE-6654,False,True,Unknown,4,3,8.2205,21.98,N/A,Unknown,Unknown,-1.0,0,M ,Not Specified,Not Specified,30,121,2013-05-30,,2014-02-08 10:01:36.827
879,All-Purpose Bike Stand,ST-1401,False,True,Unknown,4,3,59.466,159.0,N/A,Unknown,Unknown,-1.0,0,M ,Not Specified,Not Specified,27,122,2013-05-30,,2014-02-08 10:01:36.827
880,Hydration Pack - 70 oz.,HY-1023-70,False,True,Silver,4,3,20.5663,54.99,70,Unknown,Unknown,-1.0,0,S ,Not Specified,Not Specified,32,107,2013-05-30,,2014-02-08 10:01:36.827
881,"Short-Sleeve Classic Jersey, S",SJ-0194-S,False,True,Yellow,4,3,41.5723,53.99,S,Unknown,Unknown,-1.0,0,S ,Not Specified,U ,21,32,2013-05-30,,2014-02-08 10:01:36.827
882,"Short-Sleeve Classic Jersey, M",SJ-0194-M,False,True,Yellow,4,3,41.5723,53.99,M,Unknown,Unknown,-1.0,0,S ,Not Specified,U ,21,32,2013-05-30,,2014-02-08 10:01:36.827
883,"Short-Sleeve Classic Jersey, L",SJ-0194-L,False,True,Yellow,4,3,41.5723,53.99,L,Unknown,Unknown,-1.0,0,S ,Not Specified,U ,21,32,2013-05-30,,2014-02-08 10:01:36.827
884,"Short-Sleeve Classic Jersey, XL",SJ-0194-X,False,True,Yellow,4,3,41.5723,53.99,XL,Unknown,Unknown,-1.0,0,S ,Not Specified,U ,21,32,2013-05-30,,2014-02-08 10:01:36.827
885,"HL Touring Frame - Yellow, 60",FR-T98Y-60,True,True,Yellow,500,375,601.7437,1003.91,60,CM ,LB ,3.08,1,T ,H ,U ,16,7,2013-05-30,,2014-02-08 10:01:36.827
886,"LL Touring Frame - Yellow, 62",FR-T67Y-62,True,True,Yellow,500,375,199.8519,333.42,62,CM ,LB ,3.2,1,T ,L ,U ,16,10,2013-05-30,,2014-02-08 10:01:36.827
887,"HL Touring Frame - Yellow, 46",FR-T98Y-46,True,True,Yellow,500,375,601.7437,1003.91,46,CM ,LB ,2.96,1,T ,H ,U ,16,7,2013-05-30,,2014-02-08 10:01:36.827
888,"HL Touring Frame - Yellow, 50",FR-T98Y-50,True,True,Yellow,500,375,601.7437,1003.91,50,CM ,LB ,3.0,1,T ,H ,U ,16,7,2013-05-30,,2014-02-08 10:01:36.827
889,"HL Touring Frame - Yellow, 54",FR-T98Y-54,True,True,Yellow,500,375,601.7437,1003.91,54,CM ,LB ,3.04,1,T ,H ,U ,16,7,2013-05-30,,2014-02-08 10:01:36.827
890,"HL Touring Frame - Blue, 46",FR-T98U-46,True,True,Blue,500,375,601.7437,1003.91,46,CM ,LB ,2.96,1,T ,H ,U ,16,7,2013-05-30,,2014-02-08 10:01:36.827
891,"HL Touring Frame - Blue, 50",FR-T98U-50,True,True,Blue,500,375,601.7437,1003.91,50,CM ,LB ,3.0,1,T ,H ,U ,16,7,2013-05-30,,2014-02-08 10:01:36.827
892,"HL Touring Frame - Blue, 54",FR-T98U-54,True,True,Blue,500,375,601.7437,1003.91,54,CM ,LB ,3.04,1,T ,H ,U ,16,7,2013-05-30,,2014-02-08 10:01:36.827
893,"HL Touring Frame - Blue, 60",FR-T98U-60,True,True,Blue,500,375,601.7437,1003.91,60,CM ,LB ,3.08,1,T ,H ,U ,16,7,2013-05-30,,2014-02-08 10:01:36.827
894,Rear Derailleur,RD-2308,True,True,Silver,500,375,53.9282,121.46,N/A,Unknown,G  ,215.0,1,Not Specified,Not Specified,Not Specified,9,127,2013-05-30,,2014-02-08 10:01:36.827
895,"LL Touring Frame - Blue, 50",FR-T67U-50,True,True,Blue,500,375,199.8519,333.42,50,CM ,LB ,3.1,1,T ,L ,U ,16,10,2013-05-30,,2014-02-08 10:01:36.827
896,"LL Touring Frame - Blue, 54",FR-T67U-54,True,True,Blue,500,375,199.8519,333.42,54,CM ,LB ,3.14,1,T ,L ,U ,16,10,2013-05-30,,2014-02-08 10:01:36.827
897,"LL Touring Frame - Blue, 58",FR-T67U-58,True,True,Blue,500,375,199.8519,333.42,58,CM ,LB ,3.16,1,T ,L ,U ,16,10,2013-05-30,,2014-02-08 10:01:36.827
898,"LL Touring Frame - Blue, 62",FR-T67U-62,True,True,Blue,500,375,199.8519,333.42,62,CM ,LB ,3.2,1,T ,L ,U ,16,10,2013-05-30,,2014-02-08 10:01:36.827
899,"LL Touring Frame - Yellow, 44",FR-T67Y-44,True,True,Yellow,500,375,199.8519,333.42,44,CM ,LB ,3.02,1,T ,L ,U ,16,10,2013-05-30,,2014-02-08 10:01:36.827
900,"LL Touring Frame - Yellow, 50",FR-T67Y-50,True,True,Yellow,500,375,199.8519,333.42,50,CM ,LB ,3.1,1,T ,L ,U ,16,10,2013-05-30,,2014-02-08 10:01:36.827
901,"LL Touring Frame - Yellow, 54",FR-T67Y-54,True,True,Yellow,500,375,199.8519,333.42,54,CM ,LB ,3.14,1,T ,L ,U ,16,10,2013-05-30,,2014-02-08 10:01:36.827
902,"LL Touring Frame - Yellow, 58",FR-T67Y-58,True,True,Yellow,500,375,199.8519,333.42,58,CM ,LB ,3.16,1,T ,L ,U ,16,10,2013-05-30,,2014-02-08 10:01:36.827
903,"LL Touring Frame - Blue, 44",FR-T67U-44,True,True,Blue,500,375,199.8519,333.42,44,CM ,LB ,3.02,1,T ,L ,U ,16,10,2013-05-30,,2014-02-08 10:01:36.827
904,"ML Mountain Frame-W - Silver, 40",FR-M63S-40,True,True,Silver,500,375,199.3757,364.09,40,CM ,LB ,2.77,1,M ,M ,W ,12,15,2013-05-30,,2014-02-08 10:01:36.827
905,"ML Mountain Frame-W - Silver, 42",FR-M63S-42,True,True,Silver,500,375,199.3757,364.09,42,CM ,LB ,2.81,1,M ,M ,W ,12,15,2013-05-30,,2014-02-08 10:01:36.827
906,"ML Mountain Frame-W - Silver, 46",FR-M63S-46,True,True,Silver,500,375,199.3757,364.09,46,CM ,LB ,2.85,1,M ,M ,W ,12,15,2013-05-30,,2014-02-08 10:01:36.827
907,Rear Brakes,RB-9231,False,True,Silver,500,375,47.286,106.5,N/A,Unknown,G  ,317.0,1,Not Specified,Not Specified,Not Specified,6,128,2013-05-30,,2014-02-08 10:01:36.827
908,LL Mountain Seat/Saddle,SE-M236,False,True,Unknown,500,375,12.0413,27.12,N/A,Unknown,Unknown,-1.0,1,M ,L ,Not Specified,15,79,2013-05-30,,2014-02-08 10:01:36.827
909,ML Mountain Seat/Saddle,SE-M798,False,True,Unknown,500,375,17.3782,39.14,N/A,Unknown,Unknown,-1.0,1,M ,M ,Not Specified,15,80,2013-05-30,,2014-02-08 10:01:36.827
910,HL Mountain Seat/Saddle,SE-M940,False,True,Unknown,500,375,23.3722,52.64,N/A,Unknown,Unknown,-1.0,1,M ,H ,Not Specified,15,81,2013-05-30,,2014-02-08 10:01:36.827
911,LL Road Seat/Saddle,SE-R581,False,True,Unknown,500,375,12.0413,27.12,N/A,Unknown,Unknown,-1.0,1,R ,L ,Not Specified,15,82,2013-05-30,,2014-02-08 10:01:36.827
912,ML Road Seat/Saddle,SE-R908,False,True,Unknown,500,375,17.3782,39.14,N/A,Unknown,Unknown,-1.0,1,T ,M ,Not Specified,15,83,2013-05-30,,2014-02-08 10:01:36.827
913,HL Road Seat/Saddle,SE-R995,False,True,Unknown,500,375,23.3722,52.64,N/A,Unknown,Unknown,-1.0,1,R ,H ,Not Specified,15,84,2013-05-30,,2014-02-08 10:01:36.827
914,LL Touring Seat/Saddle,SE-T312,False,True,Unknown,500,375,12.0413,27.12,N/A,Unknown,Unknown,-1.0,1,T ,L ,Not Specified,15,66,2013-05-30,,2014-02-08 10:01:36.827
915,ML Touring Seat/Saddle,SE-T762,False,True,Unknown,500,375,17.3782,39.14,N/A,Unknown,Unknown,-1.0,1,T ,M ,Not Specified,15,65,2013-05-30,,2014-02-08 10:01:36.827
916,HL Touring Seat/Saddle,SE-T924,False,True,Unknown,500,375,23.3722,52.64,N/A,Unknown,Unknown,-1.0,1,T ,H ,Not Specified,15,67,2013-05-30,,2014-02-08 10:01:36.827
917,"LL Mountain Frame - Silver, 42",FR-M21S-42,True,True,Silver,500,375,144.5938,264.05,42,CM ,LB ,2.92,1,M ,L ,U ,12,8,2013-05-30,,2014-02-08 10:01:36.827
918,"LL Mountain Frame - Silver, 44",FR-M21S-44,True,True,Silver,500,375,144.5938,264.05,44,CM ,LB ,2.96,1,M ,L ,U ,12,8,2013-05-30,,2014-02-08 10:01:36.827
919,"LL Mountain Frame - Silver, 48",FR-M21S-48,True,True,Silver,500,375,144.5938,264.05,48,CM ,LB ,3.0,1,M ,L ,U ,12,8,2013-05-30,,2014-02-08 10:01:36.827
920,"LL Mountain Frame - Silver, 52",FR-M21S-52,True,True,Silver,500,375,144.5938,264.05,52,CM ,LB ,3.04,1,M ,L ,U ,12,8,2013-05-30,,2014-02-08 10:01:36.827
921,Mountain Tire Tube,TT-M928,False,True,Unknown,500,375,1.8663,4.99,N/A,Unknown,Unknown,-1.0,0,M ,Not Specified,Not Specified,37,92,2013-05-30,,2014-02-08 10:01:36.827
922,Road Tire Tube,TT-R982,False,True,Unknown,500,375,1.4923,3.99,N/A,Unknown,Unknown,-1.0,0,R ,Not Specified,Not Specified,37,93,2013-05-30,,2014-02-08 10:01:36.827
923,Touring Tire Tube,TT-T092,False,True,Unknown,500,375,1.8663,4.99,N/A,Unknown,Unknown,-1.0,0,T ,Not Specified,Not Specified,37,94,2013-05-30,,2014-02-08 10:01:36.827
924,"LL Mountain Frame - Black, 42",FR-M21B-42,True,True,Black,500,375,136.785,249.79,42,CM ,LB ,2.92,1,M ,L ,U ,12,8,2013-05-30,,2014-02-08 10:01:36.827
925,"LL Mountain Frame - Black, 44",FR-M21B-44,True,True,Black,500,375,136.785,249.79,44,CM ,LB ,2.96,1,M ,L ,U ,12,8,2013-05-30,,2014-02-08 10:01:36.827
926,"LL Mountain Frame - Black, 48",FR-M21B-48,True,True,Black,500,375,136.785,249.79,48,CM ,LB ,3.0,1,M ,L ,U ,12,8,2013-05-30,,2014-02-08 10:01:36.827
927,"LL Mountain Frame - Black, 52",FR-M21B-52,True,True,Black,500,375,136.785,249.79,52,CM ,LB ,3.04,1,M ,L ,U ,12,8,2013-05-30,,2014-02-08 10:01:36.827
928,LL Mountain Tire,TI-M267,False,True,Unknown,500,375,9.3463,24.99,N/A,Unknown,Unknown,-1.0,0,M ,L ,Not Specified,37,85,2013-05-30,,2014-02-08 10:01:36.827
929,ML Mountain Tire,TI-M602,False,True,Unknown,500,375,11.2163,29.99,N/A,Unknown,Unknown,-1.0,0,M ,M ,Not Specified,37,86,2013-05-30,,2014-02-08 10:01:36.827
930,HL Mountain Tire,TI-M823,False,True,Unknown,500,375,13.09,35.0,N/A,Unknown,Unknown,-1.0,0,M ,H ,Not Specified,37,87,2013-05-30,,2014-02-08 10:01:36.827
931,LL Road Tire,TI-R092,False,True,Unknown,500,375,8.0373,21.49,N/A,Unknown,Unknown,-1.0,0,R ,L ,Not Specified,37,88,2013-05-30,,2014-02-08 10:01:36.827
932,ML Road Tire,TI-R628,False,True,Unknown,500,375,9.3463,24.99,N/A,Unknown,Unknown,-1.0,0,R ,M ,Not Specified,37,89,2013-05-30,,2014-02-08 10:01:36.827
933,HL Road Tire,TI-R982,False,True,Unknown,500,375,12.1924,32.6,N/A,Unknown,Unknown,-1.0,0,R ,H ,Not Specified,37,90,2013-05-30,,2014-02-08 10:01:36.827
934,Touring Tire,TI-T723,False,True,Unknown,500,375,10.8423,28.99,N/A,Unknown,Unknown,-1.0,0,T ,Not Specified,Not Specified,37,91,2013-05-30,,2014-02-08 10:01:36.827
935,LL Mountain Pedal,PD-M282,False,True,Silver/Black,500,375,17.9776,40.49,N/A,Unknown,G  ,218.0,1,M ,L ,Not Specified,13,62,2013-05-30,,2014-02-08 10:01:36.827
936,ML Mountain Pedal,PD-M340,False,True,Silver/Black,500,375,27.568,62.09,N/A,Unknown,G  ,215.0,1,M ,M ,Not Specified,13,63,2013-05-30,,2014-02-08 10:01:36.827
937,HL Mountain Pedal,PD-M562,False,True,Silver/Black,500,375,35.9596,80.99,N/A,Unknown,G  ,185.0,1,M ,H ,Not Specified,13,64,2013-05-30,,2014-02-08 10:01:36.827
938,LL Road Pedal,PD-R347,False,True,Silver/Black,500,375,17.9776,40.49,N/A,Unknown,G  ,189.0,1,R ,L ,Not Specified,13,68,2013-05-30,,2014-02-08 10:01:36.827
939,ML Road Pedal,PD-R563,False,True,Silver/Black,500,375,27.568,62.09,N/A,Unknown,G  ,168.0,1,R ,M ,Not Specified,13,69,2013-05-30,,2014-02-08 10:01:36.827
940,HL Road Pedal,PD-R853,False,True,Silver/Black,500,375,35.9596,80.99,N/A,Unknown,G  ,149.0,1,R ,H ,Not Specified,13,70,2013-05-30,,2014-02-08 10:03:55.510
941,Touring Pedal,PD-T852,False,True,Silver/Black,500,375,35.9596,80.99,N/A,Unknown,Unknown,-1.0,1,T ,Not Specified,Not Specified,13,53,2013-05-30,,2014-02-08 10:01:36.827
942,"ML Mountain Frame-W - Silver, 38",FR-M63S-38,True,True,Silver,500,375,199.3757,364.09,38,CM ,LB ,2.73,2,M ,M ,W ,12,15,2013-05-30,,2014-02-08 10:01:36.827
943,"LL Mountain Frame - Black, 40",FR-M21B-40,True,True,Black,500,375,136.785,249.79,40,CM ,LB ,2.88,2,M ,L ,U ,12,8,2013-05-30,,2014-02-08 10:01:36.827
944,"LL Mountain Frame - Silver, 40",FR-M21S-40,True,True,Silver,500,375,144.5938,264.05,40,CM ,LB ,2.88,2,M ,L ,U ,12,8,2013-05-30,,2014-02-08 10:01:36.827
945,Front Derailleur,FD-2342,True,True,Silver,500,375,40.6216,91.49,N/A,Unknown,G  ,88.0,1,Not Specified,Not Specified,Not Specified,9,103,2013-05-30,,2014-02-08 10:01:36.827
946,LL Touring Handlebars,HB-T721,True,True,Unknown,500,375,20.464,46.09,N/A,Unknown,Unknown,-1.0,1,T ,L ,Not Specified,4,47,2013-05-30,,2014-02-08 10:01:36.827
947,HL Touring Handlebars,HB-T928,True,True,Unknown,500,375,40.6571,91.57,N/A,Unknown,Unknown,-1.0,1,T ,H ,Not Specified,4,48,2013-05-30,,2014-02-08 10:01:36.827
948,Front Brakes,FB-9873,False,True,Silver,500,375,47.286,106.5,N/A,Unknown,G  ,317.0,1,Not Specified,Not Specified,Not Specified,6,102,2013-05-30,,2014-02-08 10:01:36.827
949,LL Crankset,CS-4759,True,True,Black,500,375,77.9176,175.49,N/A,Unknown,G  ,600.0,1,Not Specified,L ,Not Specified,8,99,2013-05-30,,2014-02-08 10:01:36.827
950,ML Crankset,CS-6583,True,True,Black,500,375,113.8816,256.49,N/A,Unknown,G  ,635.0,1,Not Specified,M ,Not Specified,8,100,2013-05-30,,2014-02-08 10:01:36.827
951,HL Crankset,CS-9183,True,True,Black,500,375,179.8156,404.99,N/A,Unknown,G  ,575.0,1,Not Specified,H ,Not Specified,8,101,2013-05-30,,2014-02-08 10:01:36.827
952,Chain,CH-0234,False,True,Silver,500,375,8.9866,20.24,N/A,Unknown,Unknown,-1.0,1,Not Specified,Not Specified,Not Specified,7,98,2013-05-30,,2014-02-08 10:01:36.827
953,"Touring-2000 Blue, 60",BK-T44U-60,True,True,Blue,100,75,755.1508,1214.85,60,CM ,LB ,27.9,4,T ,M ,U ,3,35,2013-05-30,,2014-02-08 10:01:36.827
954,"Touring-1000 Yellow, 46",BK-T79Y-46,True,True,Yellow,100,75,1481.9379,2384.07,46,CM ,LB ,25.13,4,T ,H ,U ,3,34,2013-05-30,,2014-02-08 10:01:36.827
955,"Touring-1000 Yellow, 50",BK-T79Y-50,True,True,Yellow,100,75,1481.9379,2384.07,50,CM ,LB ,25.42,4,T ,H ,U ,3,34,2013-05-30,,2014-02-08 10:01:36.827
956,"Touring-1000 Yellow, 54",BK-T79Y-54,True,True,Yellow,100,75,1481.9379,2384.07,54,CM ,LB ,25.68,4,T ,H ,U ,3,34,2013-05-30,,2014-02-08 10:01:36.827
957,"Touring-1000 Yellow, 60",BK-T79Y-60,True,True,Yellow,100,75,1481.9379,2384.07,60,CM ,LB ,25.9,4,T ,H ,U ,3,34,2013-05-30,,2014-02-08 10:01:36.827
958,"Touring-3000 Blue, 54",BK-T18U-54,True,True,Blue,100,75,461.4448,742.35,54,CM ,LB ,29.68,4,T ,L ,U ,3,36,2013-05-30,,2014-02-08 10:01:36.827
959,"Touring-3000 Blue, 58",BK-T18U-58,True,True,Blue,100,75,461.4448,742.35,58,CM ,LB ,29.9,4,T ,L ,U ,3,36,2013-05-30,,2014-02-08 10:01:36.827
960,"Touring-3000 Blue, 62",BK-T18U-62,True,True,Blue,100,75,461.4448,742.35,62,CM ,LB ,30.0,4,T ,L ,U ,3,36,2013-05-30,,2014-02-08 10:01:36.827
961,"Touring-3000 Yellow, 44",BK-T18Y-44,True,True,Yellow,100,75,461.4448,742.35,44,CM ,LB ,28.77,4,T ,L ,U ,3,36,2013-05-30,,2014-02-08 10:01:36.827
962,"Touring-3000 Yellow, 50",BK-T18Y-50,True,True,Yellow,100,75,461.4448,742.35,50,CM ,LB ,29.13,4,T ,L ,U ,3,36,2013-05-30,,2014-02-08 10:01:36.827
963,"Touring-3000 Yellow, 54",BK-T18Y-54,True,True,Yellow,100,75,461.4448,742.35,54,CM ,LB ,29.42,4,T ,L ,U ,3,36,2013-05-30,,2014-02-08 10:01:36.827
964,"Touring-3000 Yellow, 58",BK-T18Y-58,True,True,Yellow,100,75,461.4448,742.35,58,CM ,LB ,29.79,4,T ,L ,U ,3,36,2013-05-30,,2014-02-08 10:01:36.827
965,"Touring-3000 Yellow, 62",BK-T18Y-62,True,True,Yellow,100,75,461.4448,742.35,62,CM ,LB ,30.0,4,T ,L ,U ,3,36,2013-05-30,,2014-02-08 10:01:36.827
966,"Touring-1000 Blue, 46",BK-T79U-46,True,True,Blue,100,75,1481.9379,2384.07,46,CM ,LB ,25.13,4,T ,H ,U ,3,34,2013-05-30,,2014-02-08 10:01:36.827
967,"Touring-1000 Blue, 50",BK-T79U-50,True,True,Blue,100,75,1481.9379,2384.07,50,CM ,LB ,25.42,4,T ,H ,U ,3,34,2013-05-30,,2014-02-08 10:01:36.827
968,"Touring-1000 Blue, 54",BK-T79U-54,True,True,Blue,100,75,1481.9379,2384.07,54,CM ,LB ,25.68,4,T ,H ,U ,3,34,2013-05-30,,2014-02-08 10:01:36.827
969,"Touring-1000 Blue, 60",BK-T79U-60,True,True,Blue,100,75,1481.9379,2384.07,60,CM ,LB ,25.9,4,T ,H ,U ,3,34,2013-05-30,,2014-02-08 10:01:36.827
970,"Touring-2000 Blue, 46",BK-T44U-46,True,True,Blue,100,75,755.1508,1214.85,46,CM ,LB ,27.13,4,T ,M ,U ,3,35,2013-05-30,,2014-02-08 10:01:36.827
971,"Touring-2000 Blue, 50",BK-T44U-50,True,True,Blue,100,75,755.1508,1214.85,50,CM ,LB ,27.42,4,T ,M ,U ,3,35,2013-05-30,,2014-02-08 10:01:36.827
972,"Touring-2000 Blue, 54",BK-T44U-54,True,True,Blue,100,75,755.1508,1214.85,54,CM ,LB ,27.68,4,T ,M ,U ,3,35,2013-05-30,,2014-02-08 10:01:36.827
973,"Road-350-W Yellow, 40",BK-R79Y-40,True,True,Yellow,100,75,1082.51,1700.99,40,CM ,LB ,15.35,4,R ,M ,W ,2,27,2013-05-30,,2014-02-08 10:01:36.827
974,"Road-350-W Yellow, 42",BK-R79Y-42,True,True,Yellow,100,75,1082.51,1700.99,42,CM ,LB ,15.77,4,R ,M ,W ,2,27,2013-05-30,,2014-02-08 10:01:36.827
975,"Road-350-W Yellow, 44",BK-R79Y-44,True,True,Yellow,100,75,1082.51,1700.99,44,CM ,LB ,16.13,4,R ,M ,W ,2,27,2013-05-30,,2014-02-08 10:01:36.827
976,"Road-350-W Yellow, 48",BK-R79Y-48,True,True,Yellow,100,75,1082.51,1700.99,48,CM ,LB ,16.42,4,R ,M ,W ,2,27,2013-05-30,,2014-02-08 10:01:36.827
977,"Road-750 Black, 58",BK-R19B-58,True,True,Black,100,75,343.6496,539.99,58,CM ,LB ,20.79,4,R ,L ,U ,2,31,2013-05-30,,2014-02-08 10:01:36.827
978,"Touring-3000 Blue, 44",BK-T18U-44,True,True,Blue,100,75,461.4448,742.35,44,CM ,LB ,28.77,4,T ,L ,U ,3,36,2013-05-30,,2014-02-08 10:01:36.827
979,"Touring-3000 Blue, 50",BK-T18U-50,True,True,Blue,100,75,461.4448,742.35,50,CM ,LB ,29.13,4,T ,L ,U ,3,36,2013-05-30,,2014-02-08 10:01:36.827
980,"Mountain-400-W Silver, 38",BK-M38S-38,True,True,Silver,100,75,419.7784,769.49,38,CM ,LB ,26.35,4,M ,M ,W ,1,22,2013-05-30,,2014-02-08 10:01:36.827
981,"Mountain-400-W Silver, 40",BK-M38S-40,True,True,Silver,100,75,419.7784,769.49,40,CM ,LB ,26.77,4,M ,M ,W ,1,22,2013-05-30,,2014-02-08 10:01:36.827
982,"Mountain-400-W Silver, 42",BK-M38S-42,True,True,Silver,100,75,419.7784,769.49,42,CM ,LB ,27.13,4,M ,M ,W ,1,22,2013-05-30,,2014-02-08 10:01:36.827
983,"Mountain-400-W Silver, 46",BK-M38S-46,True,True,Silver,100,75,419.7784,769.49,46,CM ,LB ,27.42,4,M ,M ,W ,1,22,2013-05-30,,2014-02-08 10:01:36.827
984,"Mountain-500 Silver, 40",BK-M18S-40,True,True,Silver,100,75,308.2179,564.99,40,CM ,LB ,27.35,4,M ,L ,U ,1,23,2013-05-30,,2014-02-08 10:01:36.827
985,"Mountain-500 Silver, 42",BK-M18S-42,True,True,Silver,100,75,308.2179,564.99,42,CM ,LB ,27.77,4,M ,L ,U ,1,23,2013-05-30,,2014-02-08 10:01:36.827
986,"Mountain-500 Silver, 44",BK-M18S-44,True,True,Silver,100,75,308.2179,564.99,44,CM ,LB ,28.13,4,M ,L ,U ,1,23,2013-05-30,,2014-02-08 10:01:36.827
987,"Mountain-500 Silver, 48",BK-M18S-48,True,True,Silver,100,75,308.2179,564.99,48,CM ,LB ,28.42,4,M ,L ,U ,1,23,2013-05-30,,2014-02-08 10:01:36.827
988,"Mountain-500 Silver, 52",BK-M18S-52,True,True,Silver,100,75,308.2179,564.99,52,CM ,LB ,28.68,4,M ,L ,U ,1,23,2013-05-30,,2014-02-08 10:01:36.827
989,"Mountain-500 Black, 40",BK-M18B-40,True,True,Black,100,75,294.5797,539.99,40,CM ,LB ,27.35,4,M ,L ,U ,1,23,2013-05-30,,2014-02-08 10:01:36.827
990,"Mountain-500 Black, 42",BK-M18B-42,True,True,Black,100,75,294.5797,539.99,42,CM ,LB ,27.77,4,M ,L ,U ,1,23,2013-05-30,,2014-02-08 10:01:36.827
991,"Mountain-500 Black, 44",BK-M18B-44,True,True,Black,100,75,294.5797,539.99,44,CM ,LB ,28.13,4,M ,L ,U ,1,23,2013-05-30,,2014-02-08 10:01:36.827
992,"Mountain-500 Black, 48",BK-M18B-48,True,True,Black,100,75,294.5797,539.99,48,CM ,LB ,28.42,4,M ,L ,U ,1,23,2013-05-30,,2014-02-08 10:01:36.827
993,"Mountain-500 Black, 52",BK-M18B-52,True,True,Black,100,75,294.5797,539.99,52,CM ,LB ,28.68,4,M ,L ,U ,1,23,2013-05-30,,2014-02-08 10:01:36.827
994,LL Bottom Bracket,BB-7421,True,True,Unknown,500,375,23.9716,53.99,N/A,Unknown,G  ,223.0,1,Not Specified,L ,Not Specified,5,95,2013-05-30,,2014-02-08 10:01:36.827
995,ML Bottom Bracket,BB-8107,True,True,Unknown,500,375,44.9506,101.24,N/A,Unknown,G  ,168.0,1,Not Specified,M ,Not Specified,5,96,2013-05-30,,2014-02-08 10:01:36.827
996,HL Bottom Bracket,BB-9108,True,True,Unknown,500,375,53.9416,121.49,N/A,Unknown,G  ,170.0,1,Not Specified,H ,Not Specified,5,97,2013-05-30,,2014-02-08 10:01:36.827
997,"Road-750 Black, 44",BK-R19B-44,True,True,Black,100,75,343.6496,539.99,44,CM ,LB ,19.77,4,R ,L ,U ,2,31,2013-05-30,,2014-02-08 10:01:36.827
998,"Road-750 Black, 48",BK-R19B-48,True,True,Black,100,75,343.6496,539.99,48,CM ,LB ,20.13,4,R ,L ,U ,2,31,2013-05-30,,2014-02-08 10:01:36.827
999,"Road-750 Black, 52",BK-R19B-52,True,True,Black,100,75,343.6496,539.99,52,CM ,LB ,20.42,4,R ,L ,U ,2,31,2013-05-30,,2014-02-08 10:01:36.827
